CODIGO,CAT,NOMBRE,MUNICIPIO,DEPARTAMENTO,LONGITUD,LATITUD,ELEVACION,TEMP ENE,TEMP FEB,TEMP MAR,TEMP ABR,TEMP MAY,TEMP JUN,TEMP JUL,TEMP AGO,TEMP SEP,TEMP OCT,TEMP NOV,TEMP DIC,PROMEDIO TEMP,LLUVIA ENE,LLUVIA FEB,LLUVIA MAR,LLUVIA ABR,LLUVIA MAY,LLUVIA JUN,LLUVIA JUL,LLUVIA AGO,LLUVIA SEP,LLUVIA OCT,LLUVIA NOV,LLUVIA DIC,PROMEDIO LLUVIA
16055040,CP,Abrego Centro Admo,Abrego,Norte de Santander,-73.22305556,8.087222222,1430,20.1,20.5,21,21.2,21.3,21.3,21.3,21.3,21,20.9,20.7,20.3,20.9,9.5,19.1,28.9,110.7,170.1,96,87.4,144.7,210.1,165.8,76.9,23.6,95.23333333
21045010,CO,Betulia La,Agrado,Huila,-75.70508333,2.281583333,780,24.5,24.5,24.2,24.1,24.1,23.8,23.7,24.3,24.8,24.8,24.2,24.2,24.3,89,111.5,119.2,97.4,90.2,54.6,45,27.5,44,133.4,137.9,120.2,89.15833333
23215030,CO,Aguas Claras,Aguachica,Cesar,-73.60277778,8.228888889,208,29.2,29.8,29.7,28.8,28.3,28.1,28.3,28.3,27.9,27.5,27.8,28.2,28.5,16.9,33,49.7,145.7,190.5,153,124.8,161.9,189.7,161.6,104.1,48.2,114.925
26185010,CO,Pelada La,Aguadas,Caldas,-75.34477778,5.57875,2180,16.7,17,16.8,16.8,16.8,16.8,17.1,17.1,16.7,16.3,16.1,16.3,16.7,89.3,127.8,165.7,195.7,240,181,164.6,135.5,189.6,212.8,195.8,121.5,168.275
35195030,CO,Aguazul,Aguazul,Casanare,-72.55088889,5.179333333,380,27.9,28.1,28,26.8,26.1,25.6,25.4,25.7,26.2,26.4,26.8,27.2,26.7,12.6,62.7,102.1,279,414.2,414.3,365.7,317.2,315.5,274.7,144.1,36.8,228.2416667
28025070,AM,Motilonia Codazzi,Agustin Codazzi,Cesar,-73.26938889,9.853,180,29.5,30.2,30.3,29.6,28.6,28.6,29.1,28.8,28,27.5,27.7,28.2,28.8,22.6,36.5,80.1,149.7,207,149.2,111.7,153.9,193.2,258.9,171.9,63.2,133.1583333
28025090,CO,Centenario Hda,Agustin Codazzi,Cesar,-73.25286111,10.00436111,100,27.9,28.5,28.9,28.4,27.9,28,28.2,28,27.4,27.1,27,27.2,27.9,14.3,36.4,72.1,153.3,199.3,144.2,121.3,151.9,198.1,243.5,179.2,60.4,131.1666667
23065060,CO,Sta Teresa,Alban,Cundinamarca,-74.46169444,4.842166667,2200,15.4,15.6,15.6,15.6,15.7,15.4,15.3,15.6,15.7,15.6,15.4,15.3,15.5,90.9,109.5,132.5,143,133.5,79,52.2,55.8,94.4,168.5,152.8,120.4,111.0416667
15065050,CP,Camp Intercor,Albania,La Guajira,-72.53138889,11.13116667,122,27.1,27.5,28.1,28.5,28.3,28.6,29.1,29,28.2,27.4,27.2,26.7,28,14.7,15.7,3.2,95.7,135.4,75.5,53.2,93,158.3,177.7,161.5,54,86.49166667
23125060,CO,Albania,Albania,Santander,-73.91333333,5.758333333,1690,18.5,18.5,18.7,18.8,18.8,18.8,18.7,18.9,18.7,18.5,18.6,18.4,18.7,158.4,158.2,226.7,334.7,288.3,143.3,105.7,125.8,188.3,351.3,301.2,203.5,215.45
52055010,SP,Apto San Luis,Aldana,Narino,-77.67775,0.857083333,2961,11.2,11.3,11.4,11.4,11.3,10.6,10,10,10.5,11.1,11.4,11.3,11,73.9,71.7,95.2,102.1,82.5,51.4,40.5,31.7,42.6,84.9,100.9,97.2,72.88333333
23085030,CO,Alejandria,Alejandria,Antioquia,-75.14338889,6.376277778,1660,19.4,19.3,19.3,19.5,19.6,19.5,19.6,19.6,19.5,19.4,19.3,19.3,19.4,178.6,193,302.1,439.6,505.6,433.3,400.4,447.7,568.9,545.6,348.6,216,381.6166667
21105030,CO,Algeciras,Algeciras,Huila,-75.32225,2.521694444,1155,23.2,23.5,23.4,23.1,23.2,23.1,23,23.3,23.4,23.3,22.9,23,23.2,82.1,75.5,119.7,110.4,106.1,70.6,54.8,45.7,54.1,135.8,148.3,107.8,92.575
21025020,CO,Altamira,Altamira,Huila,-75.8,2.066666667,1352,23.4,23.4,23.2,23.2,23,22.5,21.9,22.4,22.9,22.9,23,23.1,22.9,81.7,104.8,116.4,112.6,116.7,79,66.1,40.2,54.9,106.6,127.5,86.5,91.08333333
21025030,CO,Altamira El Grifo,Altamira,Huila,-75.73622222,2.079166667,1368,21.6,21.7,21.2,21,20.6,20,19.8,20.1,20.8,21.1,21,21,20.8,73.2,113.1,127,136.4,153.9,107.4,80.7,51.6,70.9,138.2,134.8,86.9,106.175
21255080,CP,Salto El,Ambalema,Tolima,-74.76794444,4.78375,450,29,29.2,29.1,28.2,28.1,28.8,29.9,30.3,29.4,28,27.8,28.4,28.8,56.2,73.7,97.9,194.5,170.9,59.9,44.8,78.7,160.9,192.2,136.2,83.5,112.45
21205660,CO,Mercedes Las,Anapoima,Cundinamarca,-74.52661111,4.581888889,810,25.3,25.4,25.2,24.7,24.7,24.8,25.1,25.8,25.6,24.9,24.5,24.7,25.1,70.4,97.8,128.1,127.9,138.6,45.7,36.9,46.2,96.5,141.6,147.8,90.8,97.35833333
26195020,CO,Ita Andes,Andes,Antioquia,-75.88022222,5.691,1180,22.1,22.6,22.5,22.3,22,21.8,22,21.9,21.6,21.6,21.7,21.7,22,82.5,99.4,165.1,228.6,248.2,193.8,183.5,178.9,226.1,212.4,188.4,129.6,178.0416667
21206180,CO,Primavera D Matima,Anolaima,Cundinamarca,-74.43763889,4.770888889,1850,17.5,17.6,17.5,17.6,17.6,17.4,17.2,17.5,17.7,17.5,17.2,17.4,17.5,56,70.8,107.9,113,92.2,47.1,34.7,41.5,77.1,120.1,118.6,71.9,79.24166667
21205670,CO,Florida La,Anolaima,Cundinamarca,-74.44347222,4.8055,1915,16.9,17,17,16.9,17,16.8,16.7,17.1,17,16.8,16.7,16.7,16.9,75,89.7,113.9,152,123.8,54.9,44.2,61.5,103.9,172.6,149.3,90,102.5666667
27025030,CO,Anori,Anori,Antioquia,-75.15052778,7.071944444,1610,18.6,18.7,18.9,19.2,19.6,19.8,19.8,19.8,19.4,19,18.8,18.7,19.2,58.3,111.5,156.3,270.8,320.7,296.9,313.3,318.4,327.6,314.8,229.9,119.9,236.5333333
26145020,CO,Bellavista,Anserma,Caldas,-75.8,5.275916667,1932,16.9,17.1,17,17.1,17.2,17.3,17.3,17.3,16.9,16.7,16.6,16.7,17,99,96,159.8,238.1,208.8,147.4,134.3,143.5,178.8,221.7,180.3,111.5,159.9333333
12015020,AM,Uniban,Apartado,Antioquia,-76.65138889,7.826111111,23,26.5,26.6,26.9,27,26.8,26.7,26.7,26.7,26.5,26.4,26.3,26.4,26.6,94.7,81.7,98.8,254.2,330.7,285.3,255,251.8,283.7,310,291.1,207.3,228.6916667
37055010,SP,Apto Arauca,Arauca,Arauca,-70.73805556,7.069444444,128,27.4,28.3,28.8,27.7,26.6,25.8,25.7,26.1,26.6,26.8,26.9,26.9,26.9,11.9,23.8,50.6,147.2,267.5,304.7,309.6,224.7,187.1,200.1,109.7,30.8,155.6416667
12045010,CP,Arboletes,Arboletes,Antioquia,-76.42272222,8.846638889,4,27.6,27.6,28,28.2,28,27.8,27.7,27.6,27.3,27.3,27.3,27.4,27.6,15.4,16.8,41.6,127.4,251.1,191.7,202.1,226.1,187.8,206.9,183.8,80,144.225
54035020,CO,Argelia El Recreo,Argelia,Valle del Cauca,-76.11666667,4.733333333,1600,20.6,20.7,20.6,20.5,20.5,20.6,20.4,20.6,20.5,20.1,20.3,20.4,20.4,79.8,80.3,112.9,170.1,167.7,106.5,94.9,86.4,126.5,184,148.2,91.8,120.7583333
29035170,CP,Sincerin,Arjona,Bolivar,-75.27827778,10.14258333,10,27.4,27.7,28.1,28.2,27.9,28,28.1,27.7,27.4,27.2,27.3,27.3,27.7,6.4,18,28.9,89.9,152.6,128.1,154.3,161.5,193.9,195.3,129.3,49.2,108.95
26125060,SP,Apto El Eden,Armenia,Quindio,-75.76638889,4.454666667,1229,22.2,22.4,22.2,22,22,22.2,22.4,22.6,22,21.5,21.5,21.9,22.1,136.1,144.2,194.1,262.6,219.6,153.1,105.2,95.6,182.9,249.7,264.1,175.2,181.8666667
21255090,CP,Armero Gja,Armero,Tolima,-74.9105,5.002694444,300,28.3,28.4,28,27.7,27.8,28,28.7,29.2,28.7,27.9,27.6,27.9,28.2,77.8,104.3,139.1,226.5,219.8,105.2,89.2,123.3,178,235.6,187.9,108.9,149.6333333
22055020,CO,Mesa de Pole,Ataco,Tolima,-75.53966667,3.458666667,500,26.1,26.2,26,25.9,26.1,26.2,26.6,27.1,27,26,25.7,25.7,26.2,206.9,200.3,247.9,255,215.5,88.1,65.2,67.3,140.1,334.9,314.7,250.8,198.8916667
25025150,CO,Ayapel,Ayapel,Cordoba,-75.1645,8.295194444,22,27.8,28.4,28.6,28.4,27.9,27.9,27.8,27.7,27.5,27.3,27.4,27.7,27.8,18.1,28.8,49.1,162.9,267.2,290.9,380.7,397.2,326.9,266.8,198.7,51.7,203.25
56015010,CO,Panamericana,Bahia Solano,Choco,-77.40444444,6.223333333,4,26,26.3,26.2,26.1,25.9,25.7,25.8,25.8,25.6,25.6,25.5,25.7,25.8,273.9,142,192.5,332.5,482.5,454.2,475,571.5,565,770,639.8,472.7,447.6333333
21115160,AM,Manila La Hda,Baraya,Huila,-74.92111111,3.094,600,27.2,27.4,27.1,26.6,26.6,27,27.3,28,28,27,26.1,26.3,27,53.9,78,125.2,125.3,96.1,47.1,32.2,22.3,49.6,138.6,158.7,107,86.16666667
21145060,CO,Sto Domingo,Baraya,Huila,-75.08152778,3.133166667,1275,23.3,23.3,23,23,23,23,22.8,23.3,23.5,23.1,22.6,22.7,23,50.9,51.3,115.7,93.4,102.2,59.6,49.3,37.4,51.5,116.6,117.8,69.6,76.275
21115140,CO,Laureles Los,Baraya,Huila,-74.94344444,3.230722222,2100,16,16,16,16,15.9,15.6,15.3,15.4,15.7,15.8,15.9,15.9,15.8,62.5,73.5,124.9,116.8,145,107.5,85.5,63.8,78.1,135.3,153,91.6,103.125
52065020,CO,Barbacoas,Barbacoas,Narino,-78.0925,1.248333333,60,25.9,26.1,26.2,26.2,26.1,26,25.9,25.9,25.8,25.7,25.7,25.7,25.9,557.3,524.3,606.9,818.8,853.7,658.1,501.4,394.5,488.4,521.4,411.4,524.3,571.7083333
51025050,CP,Altaquer,Barbacoas,Narino,-78.13516667,1.672722222,1010,20.4,20.6,20.8,20.9,20.8,20.5,20.4,20.4,20.3,20.3,20.2,20.2,20.5,413,300.1,393.4,455.7,417.1,330.9,204.1,152.7,222.5,468.1,452.1,495.2,358.7416667
27015150,CO,Progreso El Hda,Barbosa,Antioquia,-75.39666667,6.413888889,1500,21.9,22.2,22.3,22.1,22.1,22.2,22.1,22.2,22,21.7,21.7,21.7,22,57.5,80.1,113.2,188.6,246.8,199.1,207.6,202.3,234.2,235.4,155,83.3,166.925
35105050,CO,Guaicaramo,Barranca de Upia,Meta,-72.95358333,4.468666667,190,27.4,27.7,27.5,26.6,26.2,25.7,25.5,25.9,26.6,26.7,26.6,27.1,26.6,23.4,50.8,139.8,279.2,418.4,345.9,269.4,240.2,272.7,277,171.7,50,211.5416667
23155030,SP,Apto Yariguies,Barrancabermeja,Santander,-73.80861111,7.026388889,126,28.4,28.7,28.4,27.9,27.7,27.8,28,27.9,27.5,27,27.1,27.7,27.9,51.1,124.8,183.1,299.9,373.7,268.1,229.6,288.5,338.4,408.4,303.1,132,250.0583333
23155040,CO,Centro El,Barrancabermeja,Santander,-73.76508333,6.859555556,162,27.7,27.9,27.8,27.5,27.5,27.5,27.6,27.6,27.4,27.1,27.1,27.4,27.5,82.1,128,179.7,242.5,295.2,205.7,191.5,195.6,290.3,319.8,259.4,122.1,209.325
29045120,CP,Flores Las,Barranquilla,Atlantico,-74.82361111,11.04277778,2,26.7,26.6,26.9,27.5,28.2,28.4,28.2,28.3,28.2,28,27.9,27.3,27.7,0.8,1.3,1.3,11.7,95.6,72,44.1,86.9,135.7,167.1,98.6,35.1,62.51666667
28025080,CP,Socomba,Becerril,Cesar,-73.24055556,9.686666667,170,28.1,28.9,28.9,28.3,27.7,27.8,28.1,27.9,27.2,26.7,26.9,27.4,27.8,17.2,46.3,77.4,160.4,209.8,135.4,113.9,160.3,192.4,220.6,157.3,50.8,128.4833333
44045030,CO,Mono La,Belen de los Andaquies,Caqueta,-75.80772222,1.303361111,300,26.2,25.8,25.5,25.1,25,24.5,24.2,24.8,25.4,25.6,25.7,25.9,25.3,144.8,219.6,311.4,409.2,441,399.1,338.8,269.4,252.8,310.9,271.4,160.9,294.1083333
27015090,CO,Tulio Ospina,Bello,Antioquia,-75.5525,6.321111111,1438,21.7,22.2,22.3,22.1,22.1,22.3,22.5,22.5,21.9,21.2,21.3,21.4,22,38.1,53,99.6,161,197.4,139.5,120.9,127.1,174.4,215.6,136.5,79.4,128.5416667
24035020,CO,Beteitiva,Beteitiva,Boyaca,-72.81061111,5.907277778,2575,15.2,15.5,15.4,15.6,15.5,15.2,14.8,14.9,14.8,15.1,15.2,15.3,15.2,34.5,43.9,72,91,82.6,52.3,52.4,52.6,70.3,85.9,93.5,50.6,65.13333333
24035330,AM,Boavita,Boavita,Boyaca,-72.57877778,6.326194444,2150,17.9,18,18.1,17.5,17.1,17.1,16.9,17.2,17.1,16.9,17.1,17.4,17.4,43,66.6,102.4,191.5,166.2,81.5,61,76.1,110.6,180.3,139.4,62.9,106.7916667
21205710,CO,Jardin Botanico,Bogota DC,Bogota DC,-74.15066667,4.705583333,2552,15,15.1,15.1,15.2,15.3,15.2,14.9,15,15,14.9,15,15,15.1,49.1,60.7,90.7,130.7,131.4,65.3,48.7,51.6,74.7,132.9,124.2,72.6,86.05
21206220,CP,Univ Nacional,Bogota DC,Bogota DC,-74.04972222,4.798638889,2556,14.6,14.8,15,15.2,15.3,15,14.4,14.5,14.6,14.8,14.9,14.9,14.9,51.7,64.8,92.3,89.4,101.7,46.4,42.1,40.2,74.6,110.3,128.7,75.6,76.48333333
21206050,CP,Esc Col Ingenieria,Bogota DC,Bogota DC,-74.16666667,4.5,2650,13.8,14.5,14.4,14.5,14.4,14,13.5,13.6,13.8,14.1,14.2,13.8,14.1,50.3,62.5,92.4,90.9,100.3,58.8,42.9,39,63.9,114.1,103.4,66.7,73.76666667
21205520,CP,Eldorado Didactica,Bogota DC,Bogota DC,-74.15,4.7,2546,13.6,14.1,14.2,14.5,14.5,14.4,13.9,13.9,13.9,13.8,13.9,13.7,14,28.1,42.2,73.9,121.1,101.1,44.8,41.6,45.4,67.5,102.9,101.6,53.8,68.66666667
21206260,CO,C.Univ.Agrop-Udca,Bogota DC,Bogota DC,-74.04555556,4.788333333,2570,13.8,13.9,14,14,14.1,14,13.8,13.8,13.7,13.8,13.8,13.9,13.9,33.3,51.3,73.3,83.7,96.9,58,54.1,48.3,53.1,101,95.3,53.9,66.85
21205790,SP,Apto El Dorado,Bogota DC,Bogota DC,-74.10266667,4.669333333,2547,13.3,13.7,13.9,14.1,14.1,13.9,13.5,13.6,13.5,13.5,13.6,13.4,13.7,28.4,45,72.8,110.7,107.7,58.7,46.2,44.7,64.4,111.2,93.3,58.2,70.10833333
21206230,CO,Vegas Las Hda,Bogota DC,Bogota DC,-74.19094444,4.196666667,2543,13.1,13.5,13.7,13.9,14,13.8,13.5,13.5,13.5,13.7,13.6,13.4,13.6,25.9,37.8,64.7,80,81.8,53.4,32.3,30.6,49.8,73.4,74.4,41.8,53.825
21205580,CO,Venado Oro Vivero,Bogota DC,Bogota DC,-74.08908333,4.638083333,2725,12.9,13.1,13.3,13.4,13.2,13,12.5,12.6,12.8,12.9,12.8,12.8,13,70.6,74.6,107.3,125.5,129,72.8,70.3,64,59.9,128.6,142.8,89.4,94.56666667
21206300,CP,Dona Juana,Bogota DC,Bogota DC,-74.15141944,4.661666667,2700,10.5,10.2,10.1,10.1,9.5,9.7,7.5,9.7,9.9,9.9,9.1,8.8,9.3,24.1,33.9,55.8,69.3,79.4,54.3,46.4,41.2,35.7,65.7,67.4,37.4,50.88333333
35025070,CO,Taques Los,Bogota DC,Bogota DC,-74.06155556,4.598361111,3150,9.3,9.3,9.5,9.4,9.5,9.1,8.6,8.6,9,9.3,9.7,9.5,9.2,32.1,51.8,91.4,132.8,180.5,184,179.5,135.6,97.8,105.6,85.4,45,110.125
21206280,CO,Acapulco,Bojaca,Cundinamarca,-74.33305556,4.653833333,2650,13,13.2,13.2,13.4,13.4,13.1,12.7,12.9,13,13.1,13.1,12.9,13.1,43.4,54.8,77.4,111.9,87.8,44.5,38.4,35.1,63.1,105.3,91.3,70.9,68.65833333
11085010,AM,Loma La,Bojaya,Choco,-76.98333333,6.533333333,20,26.7,26.8,27,27.1,26.6,26.8,26.5,26.7,26.1,26,26.2,26.5,26.6,336.9,291.7,233.9,441.9,435.6,413.9,435.4,416.1,324.8,382.5,412.3,347.2,372.6833333
52025010,CO,Bolivar,Bolivar,Cauca,-77.00402778,1.829944444,1510,21.1,21.4,21.5,21.4,21.5,21.8,22.3,22.8,22.3,21.4,20.7,20.8,21.6,163.3,136.3,175.5,210.2,134.3,52.1,35.7,29.9,89.4,257.2,276.8,211,147.6416667
52025020,CO,Milagros Los,Bolivar,Cauca,-76.89166667,1.753333333,2300,15.9,16,16.1,16.4,16.6,16.8,16.6,16.8,16.9,16.2,15.7,15.8,16.3,166.2,135.8,160,164.3,109,45.3,28.8,21.5,57,189.9,224,194.5,124.6916667
23195040,CP,Univ Ind Santander,Bucaramanga,Santander,-73.12222222,7.144722222,1018,23.1,23.3,23.4,23.3,23.2,23.2,23.1,23.2,23,22.6,22.6,22.8,23.1,91.2,91.3,137.1,120.6,139.7,90.7,111.7,81.7,117.8,123.9,104.1,66.6,106.3666667
53115020,CP,Colpuertos,Buenaventura,Valle del Cauca,-76.99233333,3.820194444,10,26.2,26.6,26.7,26.7,26.6,26.3,26.3,26.2,26,25.9,25.9,26.1,26.3,410.4,307.1,384.5,552.1,667,581.9,685.2,818.6,911.3,881.5,788,653.2,636.7333333
53115010,SP,Apto Buenaventura,Buenaventura,Valle del Cauca,-76.99025,3.953611111,14,25.8,26.1,26.4,26.4,26.3,26,25.9,26,25.9,25.7,25.6,25.7,26,413.9,290.9,392.7,530.2,618.9,533.3,578.3,666.2,781.2,807.3,713.9,571.4,574.85
54075020,CO,Bajo Calima,Buenaventura,Valle del Cauca,-77.06666667,3.883333333,50,25.7,26,26.1,26.1,26.1,25.8,25.8,25.7,25.5,25.4,25.5,25.6,25.8,437.4,341.3,453.4,616.9,727.1,560.3,659.4,705.7,782.5,791.2,729.8,634.6,619.9666667
54075040,CO,Mision La,Buenaventura,Valle del Cauca,-77.27630556,4.222527778,5,25.6,26,26.1,26.1,26.1,25.8,25.8,25.7,25.5,25.3,25.2,25.3,25.7,418.1,272.5,337.3,458,642.6,612.6,690,760.8,819.6,790,728.5,675.8,600.4833333
23125100,CP,Buenavista,Buenavista,Boyaca,-73.94311111,5.514916667,2200,15.7,15.7,15.8,16,16.2,16.1,16.2,16.2,16.2,16.1,15.8,15.8,16,85.7,107.1,175.5,207.7,140.3,75.8,62.4,64.8,128.3,220.5,220.4,96.1,132.05
26105150,CO,San Marcos,Bugalagrande,Valle del Cauca,-76.03316667,4.238972222,1002,23.3,23.4,23.4,23.3,23.2,23.3,23.3,23.6,23.5,23,22.9,23.1,23.3,78.1,82.4,145.1,189.4,160.1,91.9,80.8,71.4,121.8,187.1,169.7,112.9,124.225
26225040,CO,Piunti Hda,Buritica,Antioquia,-75.91297222,6.7295,1650,21,21.3,21.3,21,20.6,20.8,20.9,20.7,20.5,20.2,20.3,20.5,20.7,28.6,38.4,70.8,155.8,192.8,138.7,120.1,144.8,182.6,189,130.7,65.4,121.475
21195110,CO,Penas Blancas,Cabrera,Cundinamarca,-74.44375,3.964722222,2050,16.5,16.5,16.6,16.6,16.5,16.5,16.4,16.4,16.5,16.4,16.5,16.6,16.5,50.3,61.8,84,125.3,125.1,65.7,51.5,57.3,68.2,122.6,116.5,69.3,83.13333333
23195180,CO,Esc Agr Cachira,Cachira,Norte de Santander,-73.05166667,7.735277778,1882,16.3,16.8,17.1,17.3,17.5,17.5,17.2,17.2,16.9,16.8,16.7,16.5,17,26.1,32.4,58.1,105.6,123.1,60,53.5,73.6,140.9,167,109.2,39.7,82.43333333
21215100,CO,Cajamarca,Cajamarca,Tolima,-75.42458333,4.4415,1920,18.8,19,18.9,18.8,18.7,18.7,18.6,19,18.9,18.6,18.6,18.7,18.8,51.8,66.9,101.8,150.2,183.1,135.4,107.7,91.3,128.7,124.2,99.4,73.5,109.5
21215130,CO,Cucuana Hda,Cajamarca,Tolima,-75.51855556,4.341361111,2120,15.8,15.8,15.8,15.8,15.8,15.9,15.8,15.9,15.8,15.8,15.9,15.9,15.8,42.3,50.5,92.6,127.1,130.8,101.1,79.1,60.5,90.5,108.3,91,54.3,85.675
26025090,CO,Venta De Cajibio,Cajibio,Cauca,-76.56186111,2.58475,1850,18.3,18.5,18.5,18.5,18.5,18.7,18.9,19.1,18.6,18.1,18.1,18.1,18.5,250.1,193.6,248.2,243.9,191,92.9,54.1,60,107.8,224.6,304.3,275.6,187.175
26125070,CO,Bella La,Calarca,Quindio,-75.66666667,4.516666667,1450,20.6,20.9,20.9,20.7,20.6,20.9,21.1,21.2,20.4,19.9,19.9,20.2,20.6,166,137.8,229.9,253,203.9,85,67.6,86.5,140.8,253.7,313.1,222.3,179.9666667
27015260,AM,Salada La,Caldas,Antioquia,-75.62469444,6.048361111,1680,18.4,18.6,18.4,18.2,18.3,18.5,18.6,18.7,18.1,18,17.8,18.1,18.3,111.2,112.6,183.1,269.4,316.6,221.3,175.8,189.1,262.7,313.5,244.2,155.5,212.9166667
26085120,SS,Base Aerea MFS,Cali,Valle del Cauca,-76.50322222,3.457305556,954,25.3,25.4,25.4,25,25.2,25.1,25.4,25.8,25.5,24.8,24.6,24.6,25.2,74.8,61.2,94.2,139.8,132.9,66.7,47.7,40.3,69.9,119.9,117.9,83.6,87.40833333
26055070,CP,Univ del Valle,Cali,Valle del Cauca,-76.53377778,3.378,985,24.5,24.7,24.7,24.4,24.4,24.4,24.7,25.1,24.8,24.1,23.8,24.1,24.5,102.7,109.5,149.6,191.3,162.7,89.4,63,51,103,160.7,170.2,130.3,123.6166667
21105060,CP,Hidrobetania,Campoalegre,Huila,-75.42491667,2.713444444,500,27.4,27.6,26.9,26.8,27.1,27.2,27.3,27.9,28.1,27.2,26.3,26.4,27.2,145.5,142.4,176.5,137.2,128.9,37.5,34.5,22.2,47.8,177.6,254.4,169.7,122.85
21105050,CP,Rosales Los,Campoalegre,Huila,-75.29888889,2.696805556,553,26.3,26.5,26.2,25.9,26.1,26.3,26.7,27.5,27.9,26.8,25.8,25.7,26.5,115.4,112.6,160.4,131,102.2,37.3,36.2,23.6,46.3,164,206.8,169.4,108.7666667
21105040,CO,Potosi Hda,Campoalegre,Huila,-75.41788889,2.616333333,680,25.7,26,25.5,25.2,25.4,25.2,25.5,26.1,26.5,25.9,25.1,25.2,25.6,108.1,118.4,164.5,136.2,100.4,48.5,42.9,23,43.5,168,197.2,148.9,108.3
35085050,CO,Campohermoso,Campohermoso,Boyaca,-73.10366667,5.0345,1300,21.7,21.9,21.8,21.2,20.8,20.3,19.9,20.2,20.9,21.4,21.4,21.4,21.1,45.1,65,128.2,275.2,431.1,464,451.9,382,269.3,256.5,205.2,86.7,255.0166667
11115020,CO,Canasgordas,Canasgordas,Antioquia,-76.02972222,6.758055556,1200,21.6,21.7,21.8,21.7,21.6,21.7,21.7,21.7,21.5,21.1,21.2,21.4,21.5,90.1,96.3,140.7,244.9,273.9,203.6,158.3,177.3,262.7,308.5,289.2,150.7,199.6833333
12015070,SP,Apto Los Cedros,Carepa,Antioquia,-76.71783333,7.816666667,19,27.1,27.1,27.3,27.5,27.5,27.5,27.5,27.5,27.3,27.2,27.1,27.1,27.3,110.8,99.7,156.1,285.3,379.4,342.7,348,291.2,330,347.7,332.3,250.2,272.7833333
12015060,CO,Tulenapa,Carepa,Antioquia,-76.6575,7.773972222,30,26.7,26.8,27,27.2,27,26.9,26.7,26.8,26.7,26.6,26.5,26.6,26.8,92.7,76.5,98.8,248.1,320.9,316.3,284,277.5,319.2,319.7,307.1,214,239.5666667
14015020,SP,Apto Rafael Nunez,Cartagena,Bolivar,-75.51602778,10.44725,2,26.7,26.8,27.1,27.8,28.3,28.5,28.3,28.4,28.3,28,27.9,27.2,27.8,1.9,0.5,1.9,22,120.3,101.5,119.4,128.9,144.5,238.8,156.9,50.4,90.58333333
14015030,CP,Esc Naval Cioh,Cartagena,Bolivar,-75.53583333,10.38972222,1,26.9,26.9,27.2,27.7,28.2,28.4,28.2,28.3,28.2,27.9,27.9,27.3,27.8,1.8,0.5,2.5,21,97.5,101.9,117.4,120.2,114.9,172.1,127.4,45.6,76.9
26255040,CP,Cacaoteras del Diq,Caucasia,Antioquia,-75.11666667,7.983333333,55,27.7,28.2,28.5,28.4,28.1,27.9,28,28,27.6,27.5,27.6,27.7,27.9,22.6,35.3,80.5,239.3,298.2,349.6,393,384.5,349.7,337.5,252.8,103.8,237.2333333
27045020,CO,Caseri,Caucasia,Antioquia,-74.93372222,7.809,400,28,28.3,28.4,28,27.8,27.8,27.9,27.8,27.6,27.6,27.4,27.7,27.8,280.8,287.9,225.4,182.4,271.7,314.9,315.7,294.6,301,244.8,380.4,246.3,278.825
13075030,AM,Turipana,Cerete,Cordoba,-75.80188889,8.839527778,20,27.6,27.9,28.3,28.4,28.1,27.9,28,27.8,27.4,27.3,27.3,27.4,27.8,88.1,84.5,98.6,85.2,104.9,139.7,83.9,115.8,125.2,83.6,134.9,143.2,107.3
24035270,CO,Tinaga Gja,Cerrito,Santander,-72.7075,6.840833333,2698,13.8,14,13.9,13.8,13.7,13.5,13.2,13.2,13.2,13.2,13.5,13.7,13.6,29.6,50.1,90.3,146.8,145.6,86.1,72.2,103.6,143.1,168.8,122.7,53.3,101.0166667
52045020,SP,Apto Antonio Narin,Chachagui,Narino,-77.29086111,1.394083333,1816,18.7,19,19.1,19.1,19.3,19.6,19.8,20.2,19.8,18.9,18.4,18.4,19.2,99.4,89.9,128,153.9,122.1,53.9,33.7,20.1,63.4,146.9,161.4,127.7,100.0333333
22045010,CO,Demostracion Gja,Chaparral,Tolima,-75.50347222,3.722472222,1040,24.1,24.2,24.2,24.2,24.3,24.7,24.9,25.3,25,24,23.6,23.7,24.4,203.2,201.5,245.1,308.4,269.7,113.2,85.7,89.5,169.5,352.5,345.8,280.7,222.0666667
22045020,CO,Limon El,Chaparral,Tolima,-75.58413889,3.65175,1000,23.1,23.3,23.2,23.2,23.4,23.4,23.7,24,24,23.2,22.7,22.9,23.4,269.6,255.5,298.5,372.1,304.5,118.5,99.9,94.5,175.8,350.5,396.7,336.9,256.0833333
24025050,CO,Charala,Charala,Santander,-73.15055556,6.274166667,1350,21.6,21.7,21.5,21.4,21.4,21.3,21.1,21.2,21.1,21.2,21.3,21.4,21.3,101.9,159.8,213.7,304.7,291.3,190.1,170,210.5,267.4,352.4,264.5,147.5,222.8166667
12015090,CO,Palmera La,Chigorodo,Antioquia,-76.60555556,7.538333333,58,27.2,27.7,27.8,27.6,27.4,27.3,27.1,27.2,27.1,27.1,27,27,27.3,142.2,87.5,120.6,270.7,427.9,449.2,396.5,414.3,443.6,455.1,363.2,313.9,323.725
13075010,CO,Chima,Chima,Cordoba,-75.62208333,9.15075,20,27.5,27.6,27.8,27.8,27.6,27.5,27.6,27.5,27.3,27.3,27.3,27.4,27.5,16.7,17.5,25,94.4,167.6,166.9,156.6,178.7,174.7,136.1,82.5,40.6,104.775
24015260,CO,Chima,Chima,Santander,-73.36833333,6.355,1090,23.7,23.8,23.8,23.7,23.6,23.6,23.4,23.4,23.5,23.4,23.5,23.6,23.6,101.5,170.9,233,344.3,358,200.1,226.4,257.8,311.4,384.1,298.2,178,255.3083333
16015060,CO,Blonay,Chinacota,Norte de Santander,-72.6,7.583333333,1235,19.6,20,20.4,20.8,21,20.5,20.2,20.7,20.7,20.6,20.2,19.4,20.3,44.4,57.6,57.7,161.3,136.9,75.9,61.7,86.3,146.4,245.4,190.9,100.2,113.725
25025250,CO,Chiriguana,Chiriguana,Cesar,-73.59333333,9.363666667,40,28.6,29.1,29.1,28.7,28.1,28.2,28.5,28.5,27.9,27.6,27.7,28.1,28.4,15.8,31.6,73.1,138.2,231,159.2,114.5,156.6,226.3,281.5,188.8,62.7,139.9416667
24035310,CO,Chiscas,Chiscas,Boyaca,-72.50472222,6.549527778,2350,17.3,17.4,17.4,17.1,16.8,16.6,16.4,16.6,16.7,16.6,16.8,17,16.9,38,54.4,87.1,153.7,173.7,110.5,94,102.7,131.8,178.4,136.9,55.5,109.725
24035250,CO,Chita,Chita,Boyaca,-72.46633333,6.188333333,2888,11.6,12,12.4,12.5,12.2,11.6,11.1,11.3,11.5,11.8,11.9,11.7,11.8,15,25.1,48.5,109.3,119.6,114.6,160,123.8,93,107.5,97.8,34.6,87.4
35025060,CO,Bolsa La,Choachi,Cundinamarca,-73.98141667,4.575416667,3195,8.7,8.5,8.5,8.5,8.5,8.3,8,8.1,8.4,8.6,8.7,8.8,8.4,30.5,46.2,89.4,116.6,158.6,145,160.1,125.4,88,123.3,114.1,61.8,104.9166667
21205740,CO,Silos,Choconta,Cundinamarca,-73.70141667,5.117722222,2709,12,12.5,12.8,12.8,12.6,11.9,11.4,11.6,11.9,12.4,12.6,12.2,12.2,17.6,38.9,58.3,87.8,119.9,129.2,144.3,107.4,70,77.6,61.6,24.6,78.1
15015020,CO,Ye La,Cienaga,Magdalena,-74.21113889,10.99241667,20,28.4,28.9,29.2,29.5,29.1,29,28.9,28.5,28.1,27.7,27.9,27.9,28.6,0.9,1,3.5,30.1,75.6,88.5,51.1,90,128.2,149.7,61.1,26.5,58.85
13075020,CO,Salado El,Cienaga de Oro,Cordoba,-75.58222222,8.913888889,40,28,28.3,28.4,28.4,28,27.9,27.9,27.8,27.6,27.5,27.8,27.9,28,16.4,21.6,27,109.2,188.8,154.7,167.5,191.6,192.6,149.3,107.6,43.7,114.1666667
23125120,CO,Cimitarra,Cimitarra,Santander,-73.95222222,6.308611111,300,27.2,27.2,27.2,27,27.1,27.1,27.3,27.3,27.1,26.9,26.9,27,27.1,125.3,157,261.6,307.3,281.3,183.3,160.3,194.8,278.5,343.2,320,194.9,233.9583333
11025010,CO,Mansa La,Ciudad Bolivar,Antioquia,-76.08433333,5.878333333,2100,16.7,16.9,17,17,17.1,17,16.8,16.8,16.6,16.4,16.4,16.6,16.8,124.6,139.2,177.3,236.5,290.4,241.1,230.4,219.8,245.7,230,198.4,141.3,206.225
21205410,CP,Represa Del Neusa,Cogua,Cundinamarca,-73.98333333,5.15,3100,10.2,10.5,10.5,10.7,11,10.3,9.9,10.1,10.5,10.2,10.6,10.3,10.4,41.5,53.1,76.6,116.2,127.8,79.3,81.3,67.7,69.4,121.6,98.1,55.7,82.35833333
21145080,CO,Sta Ana,Colombia,Huila,-74.70288889,3.311027778,1410,20.1,20.3,20.1,19.9,19.8,19.3,19.2,19.7,20,20,19.8,19.9,19.8,63.9,62.9,113.5,111.7,107.3,60.9,60.9,36.7,54.7,133.6,155.7,83.7,87.125
21145070,CO,Legiosa La,Colombia,Huila,-74.70294444,3.589777778,1476,19.5,19.6,19.5,19.3,18.9,18,17.6,18.2,19,19.3,19.3,19.3,18.9,68.7,87.1,133.7,202.1,272,322.1,330.7,247.3,168,163.8,187.8,106,190.775
47015040,CO,Michoacan,Colon,Putumayo,-76.88361111,1.178916667,2100,16.2,16.1,16,16,15.7,15.2,14.8,14.9,15.3,15.9,16.4,16.3,15.7,85.8,102.8,120.5,156,175.7,185.6,179.8,140.6,116.7,100.5,110.8,96.2,130.9166667
13095020,CP,Primates,Coloso,Sucre,-75.35136111,9.530138889,200,27,27.4,27.4,27.3,27,27,27,26.9,26.6,26.4,26.4,26.6,26.9,17.1,11.1,37.2,89,173.7,147.3,131.4,145.6,136.1,153.7,119.9,48.1,100.85
26215010,CO,Concordia,Concordia,Antioquia,-75.91972222,6.039722222,1904,18.5,18.8,18.8,18.6,18.6,18.8,18.9,18.8,18.4,17.9,17.8,18.1,18.5,90.4,109.7,154.4,252.8,277.6,233.4,196.4,198.2,253.7,294.7,237.6,152.9,204.3166667
54025020,CP,Apto Condoto,Condoto,Choco,-76.65,5.1,66,26,26.1,26.3,26.3,26.5,26.3,26.3,26.1,26.1,25.9,25.7,25.4,26.1,618.6,574.6,554.4,619.8,694.2,585.2,601.5,677.8,650.9,650.5,547.8,624.6,616.6583333
52055030,CO,Bombona,Consaca,Narino,-77.46511111,1.184361111,1493,19.4,19.6,19.8,19.7,19.8,20,20.5,20.8,20.4,19.8,19.4,19.3,19.9,101.7,92.7,102.5,126.8,90.3,46.4,28.8,22.8,51.6,121.6,139.2,141.1,88.79166667
52055070,CO,Ospina Perez,Consaca,Narino,-77.46666667,1.266666667,1700,19.1,19.4,19.6,19.4,19.3,19.7,20,20.2,19.8,19.1,18.9,19,19.5,107.6,107.3,130.8,187.8,142.5,78,50.7,45.2,89,168.8,162.1,147.3,118.0916667
16055090,CP,Ins Agr Convencion,Convencion,Norte de Santander,-73.34388889,8.470555556,1076,20.8,21.3,21.8,22.2,22.6,22.5,22.3,22.7,22.5,22.1,21.6,21,21.9,46.8,46.8,64.9,128.3,148.1,106.7,128.3,135.8,178.4,206.9,171.7,98.5,121.7666667
25025080,SS,Apto Rafael Barvo,Corozal,Sucre,-75.28305556,9.333888889,166,27.8,28,28.3,28.2,27.7,27.5,27.6,27.6,27,26.8,27,27.4,27.5,18.1,19.6,35.3,91.6,150.1,137.1,138.7,140.5,139,135,85.9,36.9,93.98333333
21135040,CO,Media Luna,Coyaima,Tolima,-75.11980556,3.77375,485,28.1,28.3,28.1,27.6,27.6,28.4,29.1,30,29.4,27.8,27.2,27.4,28.3,94.2,134.6,149.4,218.2,156.3,67.5,43.6,41.4,110.5,202.8,192.4,149.3,130.0166667
37035010,CO,Tunebia,Cubara,Boyaca,-72.11583333,7.006111111,370,23.9,24.1,24.3,24.5,24.5,23.9,23.7,24.1,24.6,24.9,24.8,24.3,24.3,161.1,199.4,228.4,379.7,575.7,659.8,633.4,651.3,519.5,435.4,332.3,225.4,416.7833333
16025040,CP,Cinera-Villa Olga,Cucuta,Norte de Santander,-72.50916667,7.930277778,100,26.5,26.9,27.3,27.6,28.3,28.3,28.3,28.5,28.4,27.9,27.3,26.6,27.6,165.9,130.1,148.6,248.2,202.4,90.6,131.2,143.3,221.6,339.9,290.6,249.2,196.8
16025010,CP,Carmen de Tonchala,Cucuta,Norte de Santander,-72.56611111,7.848888889,285,25.7,26.3,26.6,27.1,28,28.5,28.4,28.9,28.8,27.8,26.6,25.9,27.4,57,57.9,78.5,124.1,99.1,34.3,37.9,48.2,68.5,158.7,137.5,81.3,81.91666667
16015040,CO,Sta Isabel,Cucuta,Norte de Santander,-72.46861111,8.167777778,90,26.5,26.8,27,27.5,27.8,27.9,27.8,27.8,27.8,27.6,27.4,26.7,27.4,129.5,99.5,163.4,262.9,280,131.4,172.1,212.9,267,404.6,284.2,277.1,223.7166667
16015010,SP,Apto Camilo Daza,Cucuta,Norte de Santander,-72.43333333,8.233333333,250,25.8,26.3,26.7,27,27.8,28.1,28,28.5,28.4,27.4,26.5,25.8,27.2,51.2,42.8,68.3,114.1,85,40.2,39.2,45.9,68.2,137.6,131.7,80.1,75.35833333
35095030,CO,Tunel El,Cuitiva,Boyaca,-72.94394444,5.572111111,3000,11.6,11.7,11.8,11.8,11.8,11.4,10.9,10.9,11.2,11.4,11.6,11.8,11.5,17.1,30.4,57.2,95.7,87.8,70.1,77.9,58.8,62.5,87.2,81.4,23.9,62.5
35045020,CO,Cabana La Hda,Cumaral,Meta,-73.3575,4.300444444,305,26.7,27,26.6,25.6,25.2,24.6,24.3,24.9,25.4,25.5,25.7,26,25.6,41.1,96,169.9,421.6,490.3,431.3,386.4,295.3,327.1,350.7,292.3,100.9,283.575
34035010,CO,Tuparro Bocas Tomo,Cumaribo,Vichada,-69.80333333,4.494722222,250,28.5,28.8,29,27.9,26.9,26.2,26,26.5,26.9,27.3,27.6,27.9,27.5,43.8,45.9,81.1,200.4,354.8,456.7,465.3,323.1,222.2,209.7,173.6,76.2,221.0666667
34035020,CO,Tapon El,Cumaribo,Vichada,-70.93011111,4.553944444,315,27.8,28.2,28,26.8,26,25.5,25,25.4,26,26.3,26.6,27.1,26.5,33.2,81.6,108.8,232.6,358.5,423.4,406,356.9,304.1,291.4,216.7,93.5,242.225
33055010,CO,Cumaribo,Cumaribo,Vichada,-69.14838889,5.112027778,125,27.2,27.6,27.3,26.4,25.7,25.2,25,25.3,25.9,26.1,26.4,26.8,26.2,38.2,69.9,129.6,278.4,339.4,411.3,403.6,297.5,277.1,302.7,241,132.2,243.4083333
34015010,SP,Gaviotas Las,Cumaribo,Vichada,-67.85825,5.353138889,171,27.3,27.8,27.6,26.3,25.6,25,24.6,25.1,25.6,25.9,26.1,26.4,26.1,33.7,57.9,123.1,307.3,377.3,420.4,365.8,292.4,277.6,253.1,226.2,101.4,236.35
15035020,CO,Termoguajira,Dibulla,La Guajira,-73.41138889,11.2525,5,26.1,26,26.1,26.6,27,27.5,27.8,27.5,26.8,26.5,26.3,26.3,26.7,28.9,17,34.3,87.7,135,100.2,59.6,149.2,227.6,300.2,256.7,90.1,123.875
21155040,CO,Dolores Hda Madron,Dolores,Tolima,-74.90577778,3.533055556,1456,21.1,21.3,21.2,21.1,21.1,20.9,20.8,21.5,21.7,21.1,20.6,20.8,21.1,124.4,140.4,201,149.6,135.5,64.1,44.8,29.5,70.9,242.6,319.4,235.9,146.5083333
24035120,AM,Surbata Bonza,Duitama,Boyaca,-73.16211111,5.967027778,2485,14.3,14.6,14.9,14.9,14.6,14,13.7,13.7,13.8,14,14.3,14.1,14.2,22.9,42.2,75.1,123.6,118.7,67.4,50.5,50.7,76.2,112.2,88.3,41.7,72.45833333
24025030,CP,Sierra La,Duitama,Boyaca,-73.07447222,5.802444444,2700,11.9,12,12.1,12.3,12.4,12.3,12.2,12.3,12.1,11.9,11.9,11.9,12.1,119.7,138.5,208.9,249.9,210.8,91.5,75.3,88.6,137.1,251.6,216,128.3,159.6833333
25025090,SP,Apto Las Flores,El Banco,Magdalena,-73.97083333,9.046333333,34,28.5,28.9,29.3,28.9,28.5,28.5,28.6,28.7,28.1,27.9,27.9,28.1,28.5,36.9,38.9,78.6,170.5,234,199.7,147.7,221,294.7,329.1,237.7,87,172.9833333
29015020,AM,Carmen de Bolivar,El Carmen de Bolivar,Bolivar,-75.10641667,9.71575,152,27.2,27.8,28.1,28,27.6,27.7,27.8,27.5,26.9,26.5,26.6,26.9,27.4,23.6,34.6,60.4,120.2,127.3,109.4,95.2,119.7,146.9,135.6,93.6,39.1,92.13333333
23145020,CO,Carmen El,El Carmen de Chucuri,Santander,-73.51,6.696388889,815,24.2,24.4,24.3,24.1,24.2,24.3,24.3,24.3,24,23.7,23.6,23.8,24.1,80.1,106.8,149.3,227.8,261.5,216.7,182,220,228.2,273.9,232.5,141.4,193.35
26095080,CO,Tenerife,El Cerrito,Valle del Cauca,-76.07483333,3.729944444,2609,13.4,13.5,13.7,13.8,13.9,13.9,13.8,13.9,13.7,13.5,13.3,13.3,13.6,95.6,80.2,123.3,135.6,108.6,55.1,41,42.6,72.1,168,158.1,129.7,100.825
46035010,CO,Maguare,El Doncello,Caqueta,-75.16266667,1.640222222,270,26.8,26.5,25.9,25.4,25.1,24.4,24.2,24.8,25.4,25.6,25.8,26.2,25.5,76.4,144.1,292.2,417.2,370.9,348.3,303.5,210.5,234.8,286.8,213.5,95.4,249.4666667
29015030,CO,Guamo El,El Guamo,Bolivar,-74.97322222,10.03722222,75,28.1,28.6,28.9,28.8,28.2,28.1,28.2,28.1,27.7,27.1,27.3,27.6,28.1,16.7,24.7,51.7,115,144.8,124,115,145.5,159.2,176.7,97.2,45.2,101.3083333
16045020,CO,Tarra El,El Tarra,Norte de Santander,-73.08111111,8.588611111,180,26.8,27,26.6,27.2,27.5,27.5,27.5,27.5,27.5,27.4,26.8,26.7,27.2,85.9,84.7,123.4,179.1,181,194.1,211.3,233.5,288.9,314.2,361.4,295.6,212.7583333
16025020,CO,Risaralda,El Zulia,Norte de Santander,-72.53333333,8.233333333,90,26.7,27,27.2,27.3,28.2,28.3,28.5,28.6,28,27.8,27,26.7,27.6,107.1,97,105.8,200,183.1,88.5,103.6,132.5,188,274.6,280.3,162.4,160.2416667
21185020,AM,Nataima,Espinal,Tolima,-74.99508333,4.231416667,431,28.4,28.5,28.4,27.7,27.5,27.7,28.3,29.4,28.9,27.8,27.4,27.6,28.1,73.6,97.2,162.1,178.5,201.6,89.4,52,51.9,167.9,175.8,131.3,95.2,123.0416667
21215080,CO,Chicoral,Espinal,Tolima,-74.9595,4.187611111,475,27.6,27.7,27.6,26.8,26.8,27.1,27.6,28.3,27.9,27,26.8,27,27.4,61.2,98.9,137.1,225.3,193.5,86.7,65.9,56.1,126.9,167,136.2,94.8,120.8
21185040,CO,Apto Santiago Vila,Flandes,Tolima,-74.79844444,4.277611111,286,29.1,29.2,28.9,28.3,28.1,28.2,28.8,29.8,29.4,28.3,27.9,28.5,28.7,49.3,84.6,117.7,183.2,157.6,64.3,36.3,41.8,121.3,158.9,110.1,88.6,101.1416667
44035020,CO,Apto G Artunduaga,Florencia,Caqueta,-75.55955556,1.589055556,244,26.9,26.6,26.2,25.7,25.5,24.8,24.6,25.2,25.7,26,26.2,26.5,25.8,103.7,191.6,294.4,442.2,514.2,494.5,426.2,322.7,312.8,275.7,243.6,136.9,313.2083333
44035030,AM,Macagual,Florencia,Caqueta,-75.661,1.499777778,280,26,25.8,25.4,25,24.8,24.2,23.8,24.4,24.9,25.2,25.4,25.7,25,106.3,193.2,307.1,442.8,478.7,449.8,416.3,300.9,274.6,298.4,243.2,136,303.9416667
26075080,AM,Cenicana,Florida,Valle del Cauca,-76.29941667,3.360722222,1013,23.5,23.7,23.8,23.5,23.5,23.8,23.8,24,23.6,23.1,22.9,23.4,23.6,92.1,84,121.8,169,113.7,49.3,29.5,38.1,95.4,139.3,158.7,86,98.075
15065040,CO,Paulina La,Fonseca,La Guajira,-72.82847222,10.89813889,170,27.3,27.7,28.1,28.3,28.1,28.6,29,28.8,28,27.6,27.1,26.9,28.1,7.4,1.7,11,68.5,93.9,96.4,70.2,99.9,138.2,111,87.1,27,67.69166667
26175040,CO,Tunez Hda,Fredonia,Antioquia,-75.65097222,5.800194444,530,26.1,27,27,26.4,25.9,25.8,25.9,26.1,25.7,25.2,25.4,25.4,26,57.3,76.3,114.2,170,219.7,167.9,142.3,160.4,214.1,243.6,209.7,125.3,158.4
11115040,CO,Musinga,Frontino,Antioquia,-76.19083333,6.786944444,1330,19.9,20,20.2,20.1,20,19.9,19.9,20,19.9,19.8,19.8,19.8,19.9,72.3,88,107.1,211.6,301.6,274.5,215.5,211.9,224.9,243,223.8,128.4,191.8833333
32075060,CO,Cooperativa La,Fuente de Oro,Meta,-73.7,3.366666667,280,25.8,25.9,25.8,25.4,25.2,24.7,24.6,24.8,25.3,25.4,25.5,25.7,25.4,29.1,83.8,150.6,277,372.1,319.3,255.7,191.6,191.7,223.3,180.2,69.7,195.3416667
21205160,CO,Ramada La,Funza,Cundinamarca,-74.18333333,4.716666667,2545,14.1,14.1,14.6,14.9,14.9,14.5,14,14,14.2,14.5,14.7,14.4,14.4,26.6,36.9,56.3,96.3,89.4,54.8,42.7,41,56.4,98.8,86.9,47.2,61.10833333
24015120,CP,Isla del Santuario,Fuquene,Cundinamarca,-73.73480556,5.467277778,2580,14.6,14.8,14.8,14.7,14.7,14.4,14,14.1,14.2,14.2,14.4,14.5,14.5,51.7,63.2,124.6,151.7,116.9,42.7,46.5,40,78.8,163.4,142.7,85.5,92.30833333
21195120,CP,Ita Valsalice,Fusagasuga,Cundinamarca,-74.39613889,4.395777778,1460,20.6,20.7,20.4,20.3,20.2,20,20.2,20.5,20.6,20.6,20.2,20.3,20.4,121.3,109.8,154.9,138.6,148.5,73.8,51.8,43.7,93.8,147.1,157.5,130.3,114.2583333
35065010,CO,Gacheta,Gacheta,Cundinamarca,-73.64647222,4.830388889,1752,19.1,19.5,19.6,19.5,19.3,18.7,18.2,18.5,18.8,19.3,19.3,19.1,19.1,28.6,48.4,73.6,134.9,165.9,154,152.2,117.4,95.3,113.9,97.6,45.1,102.2416667
24015280,CO,Gambita,Gambita,Santander,-73.34361111,5.944722222,1900,18,18,18.2,18.2,18.2,18.2,18,18,18,17.9,18,17.9,18.1,122.3,140.6,206.4,293.9,302.7,167.3,141.6,166.8,206.6,314.9,270.6,160.9,207.8833333
21065040,CO,Zuluaga,Garzon,Huila,-75.52944444,2.2525,1270,20.6,20.7,20.6,20.6,20.5,20,19.7,19.9,20.2,20.4,20.4,20.4,20.3,89.4,99.6,126.5,148.9,139.8,115.1,95.1,66.6,83,129.6,130,111.9,111.2916667
21065030,CO,Jorge Villamil,Gigante,Huila,-75.55,2.366666667,1500,20.1,20.3,20.2,20.2,20.1,19.6,19.1,19.6,20.1,19.9,19.9,20,19.9,83.7,98.2,131.9,138.9,140.6,108.9,84.2,65.1,72,153.2,120.6,89.3,107.2166667
23195110,CO,Llano Grande,Giron,Santander,-73.16722222,7.025555556,777,25.2,25.4,25.5,25.3,25.3,25.2,25.2,25.3,25.2,25.1,25,25.1,25.2,38.5,70.8,105.5,95,102.1,71.7,71.3,75.7,90.7,119.6,82.6,25.1,79.05
32075040,CO,Holanda La,Granada,Meta,-73.71602778,3.516333333,360,26.6,26.9,26.4,25.7,25.3,24.7,24.5,24.8,25.4,25.5,25.6,25.8,25.6,31.8,77.5,197.7,344.7,411.4,351.8,292.3,233.4,231.2,276.8,225.3,71.4,228.775
26095230,AM,Vinculo El,Guadalajara de Buga,Valle del Cauca,-76.29952778,3.835194444,979,23.7,24,24,23.6,23.5,23.4,23.7,24,23.8,23.2,23.1,23.3,23.6,65.6,73.3,124,155.6,123.5,68.1,50.7,60.2,101.7,164.9,133.8,85,100.5333333
24015250,CO,Laja La,Guadalupe,Santander,-75.679,1.913888889,1400,21.4,21.5,21.6,21.5,21.4,21.3,21.2,21.2,21.1,21.1,21.1,21.4,21.3,119,165.8,219.4,361.4,373.7,273.7,270.6,276.4,324,408.1,342.6,200.3,277.9166667
21035020,CO,Resina,Guadalupe,Huila,-73.41538889,6.237166667,2102,16.2,16.2,16.2,16.2,16.1,15.6,14.9,15.2,15.8,16.1,16.2,16.4,15.9,90.7,112.8,162.1,206.7,239,262.3,291.8,220.7,180.4,177.5,145.2,110.2,183.2833333
21185030,CP,Guamo,Guamo,Tolima,-74.98133333,4.008944444,360,27.9,28.3,28.1,27.4,27.4,27.6,28.3,29.3,28.7,27.7,27.1,27.2,27.9,83.4,89.1,111.3,203.9,186.1,80.9,52.5,47.8,112.5,169.8,155.6,119.4,117.6916667
57025010,CP,Gorgona,Guapi,Cauca,-77.89475,2.574416667,10,26,26.3,26.3,26.6,26.5,26.1,26.1,26.1,25.9,25.8,25.8,25.8,26.1,532.2,316.7,231.7,427.4,779.5,852.9,732.9,613,685.4,720.9,569,504.9,580.5416667
53045030,CO,Apto Guapi,Guapi,Cauca,-77.88333333,2.566666667,10,25.9,26.2,26.4,26.5,26.4,25.9,25.9,26,25.8,25.8,25.6,25.6,26,366.4,343.4,311.3,420.2,541.1,493.1,418.6,395.8,363.1,378.9,340.2,355.8,393.9916667
53045010,CP,Bonanza,Guapi,Cauca,-78.17436111,2.962944444,10,25.7,26,26.2,26.3,26.1,26,26,26.1,25.8,25.8,25.7,25.7,26,400.8,324.6,322.8,436.3,613.9,505.2,400.9,350.4,431.3,422.1,345.6,377.6,410.9583333
21205700,CO,Guasca,Guasca,Cundinamarca,-73.86811111,4.879861111,2750,13.2,13.5,13.6,13.6,13.5,13,12.6,12.8,13,13.2,13.5,13.4,13.2,37.2,46.8,68.2,83.4,94.3,71.1,72.7,59.1,52.6,85,80.8,43.7,66.24166667
24035070,CO,Guican,Guican,Boyaca,-72.40919444,6.463472222,2963,13.5,13.6,13.7,13.4,13.2,13,12.9,12.9,12.9,12.9,12.9,13.2,13.2,28,41.9,83.9,119.2,138.8,91.5,82.1,91.9,103.8,135.5,103.2,51.2,89.25
24035240,CO,Sierra Nevad Cocuy,Guican,Boyaca,-72.37172222,6.407222222,3716,7.2,6.9,7,6.8,6.7,6.7,6.6,6.6,6.6,6.5,6.6,6.9,6.8,23.4,38.4,64.6,120.7,138.4,98.4,82.5,90,103.8,128.1,99.6,53.7,86.8
15065130,CP,Mina La,Hatonuevo,La Guajira,-72.61594444,11.13758333,80,27.4,27.9,28.7,29.1,29.1,29.5,29.9,29.8,28.7,27.9,27.5,27.1,28.6,10.7,5.4,12.2,70,115.6,51.5,60.4,88.6,148.9,146.4,164.1,64.1,78.15833333
16015090,CP,Tama Parque Nal,Herran,Norte de Santander,-72.44211111,7.424444444,2500,13.1,13.3,13.8,14.2,14.2,13.8,13.5,13.8,13.9,13.8,13.8,13.5,13.7,36.3,52.8,63.5,133.5,169.2,195.9,199.3,186.4,194.9,194.1,127.9,76,135.8166667
23025020,CO,Esperanza La,Honda,Tolima,-74.72916667,5.262777778,222,27.5,27.8,27.7,27.4,27.4,27.7,28.6,29.1,28.5,27.4,27,27.3,27.7,51.2,75.3,117.9,194.8,178.1,71.1,57.3,74.8,140.2,214.1,211.1,112.6,124.875
21245010,CO,Perales Hato Opia,Ibague,Tolima,-75.14841667,4.430111111,750,25.3,25.2,25.1,24.7,24.8,25.1,25.7,26.4,25.8,24.8,24.4,24.7,25.2,63,72.6,115.1,200.7,212.9,92.4,62.5,74.9,152.9,170.9,125.7,78.1,118.475
21245040,SS,Apto Perales,Ibague,Tolima,-75.08747222,4.423138889,928,23.8,24.2,24,23.7,23.8,24.1,24.5,25.2,24.6,23.5,23.1,23.3,24,86.5,109.1,138.2,227.1,228.2,110.6,75.9,78.2,149.9,205.6,173.7,108.6,140.9666667
31095010,AM,Pto Inirida,Inirida,Guainia,-67.93169444,3.867666667,100,27,27.4,27.4,26.7,26.2,25.8,25.6,26,26.5,26.7,26.8,26.9,26.5,90.9,127.4,118.5,293.7,435.6,504.4,509.1,398.9,297.7,224.3,204.6,123,277.3416667
21085020,CO,Iquira,Iquira,Huila,-75.62925,2.652194444,1095,23.1,23.2,23.1,23.1,23.1,23.2,23.1,23.6,24,23.5,22.8,23,23.2,191.2,183.6,203.3,213.7,168.3,60.3,43.6,37.6,84,197.5,278.9,256.2,159.85
21085040,CO,Terpeya Colombia,Iquira,Huila,-75.66555556,2.662805556,1650,18.7,18.9,18.9,18.9,19,18.8,18.6,19,19.4,19.1,18.5,18.4,18.9,223.2,211.7,255.5,221.2,187.5,89.5,74.4,46.1,99.1,176.5,265.4,228,173.175
26195010,CO,Miguel Valencia,Jardin,Antioquia,-75.80055556,5.587722222,1570,19,19.5,19.7,19.7,19.5,19.5,19.3,19.3,18.8,18.7,18.8,18.9,19.2,96.1,101.3,166.4,231,250.9,187.6,172.2,183.5,230.2,237.9,194.9,120.4,181.0333333
26195030,CO,Jardin El,Jardin,Antioquia,-75.85,5.533333333,2005,17.1,17.4,17.3,17.3,17.2,17.1,17,17,16.8,16.7,16.7,16.9,17.1,111.4,136.5,222.4,266.5,304.3,244.3,197.5,210.2,283.5,280.2,232.1,156.8,220.475
21235010,CO,Jerusalen,Jerusalen,Cundinamarca,-74.69627778,4.564805556,316,28.3,28.4,28.3,27.9,27.6,28,28.6,29.2,28.7,27.7,27.2,27.7,28.1,49.5,73.5,101.2,151.7,128.8,46.3,34.4,44.3,100,134.8,95.1,55.5,84.59166667
29045110,CO,Juan de Acosta,Juan de Acosta,Atlantico,-75.04894444,10.84652778,20,27.4,27.5,27.7,28.2,28.2,28.1,28.1,28.2,27.8,27.6,27.6,27.5,27.8,0.9,0.7,1.6,39.4,92.1,125.4,107.6,132.4,167.4,195.5,130.3,34.3,85.63333333
32035010,CP,Macarena La,La Macarena,Meta,-73.93227778,2.438388889,350,26.8,26.7,26.4,25.6,25.3,24.5,24.2,24.8,25.3,25.5,25.9,26.2,25.6,43.5,92,175.7,319.3,321.5,358.9,315.5,239.7,236.3,198.3,151.7,89.3,211.8083333
32035020,CO,Balsora La,La Macarena,Meta,-73.79333333,2.176111111,372,26.2,26.4,25.8,25.3,24.7,24.1,23.8,24.3,24.8,25.2,25.6,26.2,25.2,28.9,90.8,187,331,339.3,387.8,320.6,227.6,264,236.4,169.1,67.5,220.8333333
21055020,CP,Esc Agr La Plata,La Plata,Huila,-75.89125,2.378277778,1070,22.1,22.6,22.4,22.3,22.3,21.8,21.7,22.2,22.8,22.5,22.2,22.1,22.2,144.3,149.8,169.4,168.8,139.8,84.7,67.9,46,71.4,155.4,164.5,151.2,126.1
16055060,CO,Playa La,La Playa,Norte de Santander,-73.235,8.2175,1500,18.6,19.2,19.8,20.3,20.5,20.5,20.7,20.6,20.1,19.8,19.4,18.9,19.9,13.2,15.5,24.6,71.2,100.7,62.3,44.4,89.7,140.6,158.3,83,29.1,69.38333333
52025050,CO,Sierra La,La Sierra,Cauca,-76.75033333,2.193833333,1870,17.5,17.8,17.9,17.8,18,18.1,18.3,18.7,18.6,17.9,17.3,17.3,17.9,296.7,201.4,233.8,225.6,182.7,76.6,39.6,41.4,106.1,309.9,399,372.2,207.0833333
26115040,CP,Cent Admo La Union,La Union,Valle del Cauca,-75.31863889,5.886361111,920,24.4,24.8,24.9,24.4,24.1,24.1,24.4,24.7,24.3,23.8,23.7,24,24.3,44.5,63.9,97,144,143.7,85.8,77.9,77,106.7,116.9,104.7,60.8,93.575
26185020,CO,Mesopotamia,La Union,Antioquia,-76.06216667,4.531277778,2314,14.5,14.8,14.9,15.2,15.3,15.2,14.9,15,14.9,14.7,14.6,14.6,14.9,160.3,209.3,258.3,319.3,392.4,356.6,357.2,334.3,394.9,307,226.9,189.7,292.1833333
24035010,CO,Cusagui,La Uvita,Boyaca,-72.54544444,6.245277778,2950,12.7,12.6,12.7,12.8,12.8,12.3,11.8,12,12.1,12.3,12.5,12.8,12.4,35.4,53.7,88.2,145.5,110.8,55.3,55.9,53.7,75,133,113.8,59.2,81.625
23125130,CO,Landazuri,Landazuri,Santander,-73.80888889,6.221388889,1085,22.8,22.8,22.8,22.9,23,23,23,23.1,22.8,22.5,22.5,22.6,22.8,112.8,163.7,207.9,297.6,352.2,316.3,255.9,250.1,304.1,341,288.7,182.9,256.1
23195130,SP,Apto Palonegro,Lebrija,Santander,-73.18452778,7.121472222,1189,21.3,21.7,21.7,21.6,21.6,21.5,21.5,21.6,21.4,21,20.9,21,21.4,59.8,89.1,121.9,125,121.4,75.7,84.5,79.2,100.8,149,122.9,60.1,99.11666667
32065010,CO,Lejanias,Lejanias,Meta,-74.02736111,3.529527778,680,24.4,24.9,24.2,23.4,23,22.5,22.2,22.9,23.4,23.4,23.4,23.7,23.4,60.1,114.6,250.2,463.1,513.8,478.2,409.4,327.5,327,369,292.1,114,309.9166667
21255150,CP,Garcia Hda,Lerida,Tolima,-74.89155556,4.855416667,350,27.9,28.1,28,27.4,27.3,27.8,28.5,28.9,28.1,27,26.9,27.3,27.8,74,75.5,126.4,208.9,212.3,81,61.9,111.2,155.3,213.1,131.3,93.1,128.6666667
21255140,CP,Quinta La,Lerida,Tolima,-74.92069444,4.821611111,500,27.3,27.2,27.3,26.9,26.8,27.2,27.7,28.1,27.4,26.9,26.7,27.1,27.2,66.1,88.4,112.8,165,205.3,106.6,83.4,100.7,163.9,162.3,139.6,79.5,122.8
48015010,SP,A.Vasquez Cobo,Leticia,Amazonas,-69.94091667,4.193861111,84,26,26,26.1,26,25.7,25.1,25.1,25.7,26.1,26.3,26.3,26,25.9,366.8,354.6,357.9,376.4,301.9,189.8,158.1,157.9,220.8,257.3,317.5,330.1,282.425
11035010,CO,Lloro,Lloro,Choco,-76.57583333,5.514722222,90,26.1,26.3,26.4,26.5,26.6,26.5,26.5,26.5,26.4,26.2,26.1,26,26.3,579.7,508.8,541.4,715.1,759.2,702.5,746,752.1,753.2,621.4,728.3,593.4,666.7583333
13085010,CP,Doctrina La,Lorica,Cordoba,-75.91327778,9.301722222,20,27.4,27.6,27.8,28.1,27.9,28,28,27.8,27.5,27.3,27.4,27.4,27.7,11.4,5.8,22.2,79.2,175.8,152.1,174.7,191.5,191.9,189.5,126.9,43.8,113.7333333
13085020,CO,Lorica,Lorica,Cordoba,-75.84441667,9.252722222,30,27.3,27.5,27.8,28,27.7,27.6,27.6,27.5,27.2,27,27.1,27.3,27.5,11.5,13.4,24.3,93.9,151.8,145.4,144.7,173.5,177.6,152,126.6,38.7,104.45
35075040,CP,Inst Agr Macanal,Macanal,Boyaca,-73.31669444,4.941055556,1300,17.5,17.8,17.9,17.7,17.3,16.6,16.2,16.4,16.9,17.4,17.6,17.4,17.2,26.6,64.2,101.5,191.5,322.9,367.9,353.7,293.6,204.8,160.4,104.5,48.5,186.675
21205770,CO,Base Aerea Madrid,Madrid,Cundinamarca,-74.2725,4.728805556,2550,13.5,13.6,13.8,14,14.1,13.9,13.8,13.8,13.8,13.8,13.8,13.6,13.8,14.1,29.3,41.8,73.9,72.2,49.7,38.8,36.3,42.7,74.2,64.5,30,47.29166667
25025100,CP,Apto Baracoa,Magangue,Bolivar,-74.84527778,9.281944444,18,28,28.8,29.1,29,28.2,28.1,28.3,28.2,27.6,27.3,27.4,27.7,28.1,10.8,17.4,44.4,88.2,142.8,151.2,175.7,162.8,177.8,152,99,47.3,105.7833333
15085030,CO,Esc Agr Carraipia,Maicao,La Guajira,-72.36694444,11.21638889,118,25.8,26.1,26.7,27.2,27.7,27.9,28.1,28.2,27.6,27,26.5,26,27.1,19.3,14.9,20.8,72.3,161.1,69.5,42.6,92.8,160.7,214.3,215.4,92.7,98.03333333
25025240,CP,Majagual,Majagual,Sucre,-74.64027778,8.546388889,20,29.1,29.1,29.5,29.3,29.1,29.2,29.1,29,28.9,28.6,28.9,28.9,29.1,17.6,24.6,51.1,162.3,317.4,310.2,349.3,393.3,275.1,383.1,297.1,114.7,224.65
29035080,CP,Normal Manati,Manati,Atlantico,-74.95463889,10.45358333,10,27.7,28,28.1,28.1,27.7,27.8,27.8,27.8,27.5,27.2,27.3,27.5,27.7,12,16.7,23.7,86.8,157.7,125.3,99.1,138.1,143.8,151.8,96.5,32.9,90.36666667
15075030,CP,Manaure,Manaure,La Guajira,-72.48016667,11.78105556,1,28.1,28,28.1,28.5,29.1,29.9,30.1,29.4,29.2,28.7,28.7,28.3,28.8,3.7,2.9,6.1,19.1,39.9,14.1,11.4,33.6,58.4,114.1,68.1,22.2,32.8
26155110,SP,Apto La Nubia,Manizales,Caldas,-75.46994444,5.02975,2058,16.9,17.2,17.2,17.2,17.2,17.1,17.2,17.2,16.9,16.6,16.6,16.8,17,103.5,94,133.9,176.2,161.9,108.9,74.2,74.2,139.8,209,176.5,131.5,131.9666667
29035030,CO,Presa Ay Grande,Maria La Baja,Bolivar,-75.35083333,9.940555556,60,27.8,28,28.3,28.4,28,27.9,28.1,27.9,27.7,27.3,27.5,27.8,27.9,35.1,38.2,62.6,158.9,211.1,191.7,187.5,226,195.8,231.5,201,100.1,153.2916667
29035110,CO,San Pablo,Maria La Baja,Bolivar,-75.32658333,9.879444444,20,27.3,27.9,28.2,28.2,27.8,27.9,27.8,27.8,27.4,27,27.1,27.1,27.6,18.6,23.4,49,124.8,190.6,183.8,184,230.3,215.5,237.8,173.9,93.5,143.7666667
29035040,CP,Nueva Florida,Maria La Baja,Bolivar,-75.25861111,10.04316667,13,26.8,27.3,27.5,27.7,27.7,27.6,27.5,27.3,26.9,26.7,26.8,26.7,27.2,19.3,28.9,41.6,126,180,186.5,194.1,197.7,186.1,191.8,179.5,74.2,133.8083333
27015070,SP,A.Olaya Herrera,Medellin,Antioquia,-75.58897222,6.220611111,1490,22.4,22.7,22.7,22.4,22.6,22.9,23.1,23.1,22.4,21.8,21.8,21.9,22.5,63.2,81.4,129.1,170.7,213.5,149.4,133.1,139.7,181.8,226.7,158.9,104.8,146.025
54085010,CO,Noanama,Medio San Juan,Choco,-76.93427778,4.688222222,40,26,26.2,26.3,26.4,26.3,26.1,26.1,26,25.9,25.8,25.8,25.8,26,453.9,367.4,415.3,498.7,535.5,511.6,592,668.1,600.5,568.5,528.5,514.2,521.1833333
21195080,CO,Base Aerea Melgar,Melgar,Tolima,-74.63683333,4.212222222,319,28.2,28.4,27.9,27.6,27.5,27.4,27.9,28.5,28.4,27.9,27.6,27.8,27.9,94.2,108.1,152.9,148.3,178.6,91.8,35.6,35.2,86.8,209.2,170.9,127.5,119.925
52025060,CP,Gja Exp Univ Narin,Mercaderes,Cauca,-77.19269444,1.905388889,580,26,26.3,26.2,26.1,26.2,26.3,26.6,26.9,26.5,25.9,25.3,25.5,26.1,79.8,95.9,143.6,141.3,111.1,49,24.5,23.4,50.5,168.2,190.9,151.7,102.4916667
52025030,CO,Mercaderes,Mercaderes,Cauca,-77.15866667,1.760416667,1174,22.6,22.8,22.9,22.8,22.7,23,23.5,24,23.6,22.7,22.1,22.2,22.9,101.6,90.8,156.7,180.6,146.5,75.4,39.6,42,94.8,204.2,212.2,159.2,125.3
32075050,CO,Mesetas,Mesetas,Meta,-74.04297222,3.380055556,620,25.3,25.5,25.2,24.5,24.1,23.6,23.2,23.6,24.2,24.5,24.6,24.9,24.4,60.4,100.4,170.8,357.5,386.7,402.7,354,297.9,285.5,281.7,208.9,90.5,249.75
35085040,CO,Vivero El,Miraflores,Boyaca,-73.14477778,5.192555556,1640,19.1,19.6,19.6,19.4,18.9,18.2,17.8,17.8,18.4,18.8,18.9,18.9,18.8,23,32.3,72.1,136.9,218.5,252.9,252,221.9,153.7,135.7,104.9,52.6,138.0416667
26065010,CO,Ing Cauca,Miranda,Cauca,-76.34686111,3.269472222,1000,23.6,23.7,23.6,23.4,23.4,23.5,23.6,23.8,23.5,23.2,22.9,23.3,23.5,98.2,102.6,143.6,206.6,158.1,101.3,71.6,67.3,123.7,182.1,182.6,113.3,129.25
26065020,CO,Miranda,Miranda,Cauca,-76.22311111,3.245555556,1128,23.5,23.6,23.6,23.5,23.4,23.5,23.6,23.9,23.6,23.2,23.1,23.3,23.5,118.8,118,155.5,203,120.4,73.6,55.6,45.1,117.6,221.9,213.8,123.1,130.5333333
44015040,CO,Mocoa Acueducto,Mocoa,Putumayo,-76.65183333,1.157333333,650,23.4,23.4,23.2,23,22.6,22,21.9,22.3,23,23.3,23.4,23.4,22.9,200.6,227.1,273.1,383.5,442.3,473.5,411.3,348,296.3,237.2,236,214.8,311.975
24025040,CP,Esc Agr Mogotes,Mogotes,Santander,-72.96888889,6.47,1667,18.8,19.1,19.3,19.2,19.1,18.9,18.6,18.6,18.6,18.6,18.8,18.6,18.8,67.1,113.7,155.4,295.6,346,264.6,248.7,295.4,293.5,333.6,222.5,120.5,229.7166667
24015020,CO,Bertha,Moniquira,Boyaca,-73.6,5.883333333,1700,19,19.3,19.6,19.5,19.3,19.1,18.7,18.9,18.9,18.8,19.1,19,19.1,62,93.3,111.9,236,298.2,186.7,152.3,150.8,208.1,240.8,177.4,88.9,167.2
25025230,CO,Montecristo,Montecristo,Bolivar,-74.48333333,8.3,100,28.3,28.3,28,28.1,27.8,27.9,27.9,27.9,27.7,27.5,27.7,27.8,27.9,54.9,86.6,121.1,291.8,555.4,404,425,531.1,493,550.4,483.3,240.7,353.1083333
25025160,CO,Cuba Hda,Montelibano,Cordoba,-75.39958333,8.001111111,50,27.3,27.5,27.6,27.5,27.3,27.2,27.1,27.1,27,27,27,27.2,27.2,14.9,32.8,63,173.8,305,326.7,359.5,385.6,335.8,292,180.5,62.3,210.9916667
13085040,SS,Apto Los Garzones,Monteria,Cordoba,-75.82513889,8.825833333,20,28,28.2,28.5,28.7,28.3,28.3,28.3,28,27.8,27.7,27.5,27.7,28.1,7.3,12.6,28.6,99.4,187.5,140.9,168.4,166.4,205.8,145.9,101.1,42.1,108.8333333
13075050,AM,Univ de Cordoba,Monteria,Cordoba,-75.9725,8.659166667,15,27.3,27.4,27.8,28,27.7,27.7,27.6,27.5,27.2,27.1,27.2,27.2,27.5,11.7,16.5,30,116.2,175.5,163.1,156.3,180.9,202.9,153,103.8,34.9,112.0666667
13055030,CO,Galan,Monteria,Cordoba,-75.89138889,8.408,30,27,27.2,27.5,27.6,27.4,27.5,27.4,27.4,27.1,27,27,27,27.2,18,14.5,37.8,101.7,174.6,153.3,154.8,173.8,169.8,140.5,91.6,32.4,105.2333333
13065020,CO,Maracayo,Monteria,Cordoba,-75.86152778,8.793888889,25,27.2,27.5,27.5,27.3,27.2,27.1,27,27,26.9,26.8,27.1,27.2,27.2,25.3,19.5,43.1,107,201.6,194.6,155,204.3,192,130.4,84.2,34.1,115.925
21205420,AM,Tibaitata,Mosquera,Cundinamarca,-74.209,4.691416667,2543,12.8,13.2,13.4,13.7,13.7,13.4,13,13,13,13.1,13.2,12.9,13.2,22.3,35.8,57.2,92.8,83.5,59.1,40.9,38.1,49.6,85.9,79.3,46.1,57.55
12015010,CO,Villarteaga,Mutata,Antioquia,-76.48333333,7.35,132,26,26.2,26.2,26.3,26.4,26.2,25.9,25.9,25.9,25.9,25.7,25.8,26.1,185.5,138.2,157.3,365.9,629.9,575.3,496,549.6,590.4,680.7,642.8,372.8,448.7
21135030,CP,Anchique,Natagaima,Tolima,-75.109,3.573833333,415,27.7,28.1,27.8,27.4,27.5,28.2,29,30,29.5,27.8,26.7,26.9,28.1,100.1,123.8,152.1,181.9,129.7,38.1,42.3,32.4,76.8,212,242.4,162.3,124.4916667
12025030,CO,Mellito El,Necocli,Antioquia,-76.67255556,8.542944444,10,26.6,26.8,27.1,27.4,27.2,27,27,27,26.9,26.9,26.8,26.6,26.9,51,65.3,82.2,208.1,205.6,180,185.6,205.5,186.9,181,208,132.7,157.6583333
21115020,SS,Apto Benito Salas,Neiva,Huila,-75.29305556,2.94875,439,27.9,28.1,27.7,27.3,27.5,27.8,28.1,28.9,29.1,27.8,26.9,27.1,27.8,100.4,123.6,162.5,149.5,94.9,34.8,31.3,19.9,60.5,204.2,232.3,165.9,114.9833333
21115100,CO,Palacio-Vegalarga,Neiva,Huila,-75.53002778,3.098777778,1100,22.5,22.6,22.3,22.2,22.3,22.3,22.3,22.8,23,22.5,21.9,22,22.4,121.9,119.8,188.2,181.5,135.3,65.5,53.5,44.3,63.8,212.8,215.6,158.9,130.0916667
21135050,CO,Julia La,Neiva,Huila,-75.06658333,2.942638889,1691,18.6,18.7,18.6,18.8,18.9,19,18.7,19,19.1,18.7,18.4,18.5,18.7,165,170.7,212.6,190.9,139,65.7,63.7,48.8,92.2,220.8,229.1,168.7,147.2666667
21205400,CP,Checua-Nemocon,Nemocon,Cundinamarca,-73.86666667,5.116666667,2580,13.8,14,14.4,14.4,14.2,13.6,13.6,13.6,13.9,14.1,14.6,14.1,14,23.7,53,69.8,78.9,67.3,34.6,37,37.5,59.1,74.8,61,31.5,52.35
24035150,CP,Belencito,Nobsa,Boyaca,-72.89075,5.778694444,2530,15.8,16.1,16.2,16,15.7,15.3,14.9,15,15.1,15.4,15.8,15.6,15.6,33,37,77.1,115.3,108.3,53.9,50.9,44.4,64.1,102.7,88,44.7,68.28333333
35075010,AM,Nuevo Colon,Nuevo Colon,Boyaca,-73.4565,5.353805556,2438,14.7,14.8,15.1,15,14.6,13.9,13.3,13.4,13.9,14.4,14.7,14.6,14.4,16.1,28.6,54.1,84,108.7,115.3,124.3,102.8,76.1,96.3,71.6,31,75.74166667
16055100,CO,Univ Fco P Santand,Ocana,Norte de Santander,-73.3575,8.315277778,1150,20.4,20.9,21.5,21.7,22,22,22.1,22.1,21.8,21.5,21.1,20.6,21.5,15.5,12.4,50,118.1,141.4,66.8,57.5,81.3,169.6,145.3,117.7,25,83.38333333
16055010,CP,Apto Aguas Claras,Ocana,Norte de Santander,-73.32222222,8.237777778,1435,20.1,20.8,21.3,21.7,21.9,21.8,21.8,21.7,21.5,21.4,21,20.4,21.3,9.4,19.3,46,94.6,144.3,83.1,71.6,114.1,163.3,149.7,67.1,26.2,82.39166667
35225020,CO,Modulos,Orocue,Casanare,-71.43305556,4.910472222,130,27.4,28.2,28.2,26.9,26.2,25.6,25.5,25.9,26.5,26.7,26.9,27,26.7,16.4,38.2,81.9,228,322.7,385.1,309.1,281.5,225.8,217.9,158.5,39.7,192.0666667
23125080,CO,Otanche,Otanche,Boyaca,-74.18455556,5.661666667,1070,22.2,22.3,22.5,22.6,22.8,22.9,22.7,22.9,22.7,22.3,22.2,22.2,22.5,192.8,214.6,258.7,398.6,382,209,177.3,203.1,280,485.8,364.5,240.7,283.925
23065120,CO,Cabrera La,Pacho,Cundinamarca,-74.13936111,5.141555556,2000,16.5,16.5,16.7,16.8,17,17,17.1,17.2,16.9,16.6,16.5,16.5,16.8,107.4,116.3,149.3,182.1,140.8,45.6,41.3,49,98.8,214.7,198.5,126.6,122.5333333
25025330,CP,Col Agro Pailitas,Pailitas,Cesar,-73.63361111,8.957055556,50,27.7,28.8,28.9,28.2,27.7,27.8,28.2,27.9,27.3,26.9,26.9,27.1,27.9,34,28.3,107.8,209,303.9,188,135.6,180,274,284.8,271.4,74.8,174.3
24035170,AM,Tunguavita,Paipa,Boyaca,-73.11636111,5.745916667,2470,14.7,15.1,15.3,15.3,15,14.5,14.1,14.1,14.2,14.6,14.9,14.6,14.7,25.7,47.7,79.3,131.5,125.8,78.5,58.8,62.5,79.8,132.1,107.4,46.8,81.325
35195050,CO,Corinto,Pajarito,Boyaca,-72.71722222,5.407277778,1550,19.1,19.5,19.4,19.1,18.9,18.4,18,18.1,18.5,18.9,19,19.2,18.8,47.4,66,130.1,267.4,385.9,394,397.2,361.4,352.8,336.1,240.7,74.9,254.4916667
21095010,CO,Juncal El,Palermo,Huila,-75.33116667,2.828805556,460,26.9,26.9,26.7,26.6,26.6,26.8,26.9,27.6,27.7,26.9,26.4,26.4,26.9,129.4,122.3,180.6,148.9,107.2,33,31.9,17.6,59.2,196.1,227.5,177.6,119.275
24055040,CO,Palmar El,Palmar,Santander,-73.292,6.549722222,940,26.4,26.5,26.5,26.1,25.7,25.7,25.7,25.8,25.6,25.2,25.4,25.8,25.9,64.4,84.5,124.2,217.5,216.6,126.9,133.9,149.2,203.6,262.8,189.6,75.2,154.0333333
26075040,SP,Apto A Bonilla,Palmira,Valle del Cauca,-76.38558333,3.533333333,961,24,24.2,24.2,23.9,23.9,23.9,24.1,24.3,24.1,23.5,23.4,23.6,23.9,51.3,56,92,129.3,96.5,55.1,31.7,35.3,70.1,101.8,101.2,67.9,74.01666667
26075010,AM,Palmira Ica,Palmira,Valle del Cauca,-76.27783333,3.573972222,1050,23.6,23.9,23.9,23.6,23.6,23.4,23.8,24,23.8,23.3,23.1,23.3,23.6,59,74.8,114,159,110.1,59.8,35.2,39.2,82.1,113.2,133.1,88.2,88.975
26075050,CO,Ing Manuelita Porv,Palmira,Valle del Cauca,-76.31502778,3.513388889,1058,23.4,23.5,23.5,23.3,23.3,23.1,23.3,23.2,22.8,22.6,22.5,22.4,23.1,71.2,68.5,116.6,158.1,117.2,73.3,45.7,42.3,85.6,122.3,131.1,86.7,93.21666667
16015020,AM,Iser Pamplona,Pamplona,Norte de Santander,-72.645,7.373111111,2340,13.9,14.4,15,15.6,15.9,15.7,15.4,15.6,15.7,15.4,14.9,14.3,15.1,31.8,36.6,64.4,113.3,106.2,68.9,58.7,68.9,102.7,141.7,95.1,41.6,77.49166667
21195060,CO,Pandi,Pandi,Cundinamarca,-74.48741667,4.192722222,950,23.9,24.2,24,23.6,23.6,23.6,23.8,24.4,24.3,23.7,23.2,23.4,23.8,77.2,93.4,130.2,143.4,132.7,57.5,47.4,44.2,80.4,144.8,159.9,107.7,101.5666667
35055010,CO,Japon El,Paratebueno,Cundinamarca,-73.30130556,4.376972222,280,27.3,27.8,27.3,26.1,25.5,24.8,24.4,25.1,25.7,26,26.1,26.6,26.1,51.6,102.5,170.8,450.6,560.1,482.1,446.2,346,338.2,418.6,328,119.4,317.8416667
21195070,CO,Pasca,Pasca,Cundinamarca,-74.31175,4.310111111,2256,15.7,15.7,15.9,15.9,15.9,15.8,15.6,15.7,15.9,15.8,15.7,15.8,15.8,53.3,53.9,92,102.1,84,51,45.4,40.9,57,106.9,113.3,61.1,71.74166667
52045010,AM,Obonuco,Pasto,Narino,-77.27880556,1.16,2710,12.9,13.1,13.1,13.3,13.3,12.9,12.4,12.5,12.9,13,12.9,12.9,12.9,69.1,65.7,81.1,87.1,77.6,44.7,32.8,25,63.9,95.5,101.1,82.9,68.875
52055040,AM,Botana,Pasto,Narino,-77.16147222,1.159944444,2820,12.3,12.5,12.5,12.7,12.7,12.2,11.6,11.7,12.1,12.5,12.4,12.3,12.3,73.7,72.8,90.4,98.6,82.7,59.9,48.2,37.6,44.8,94.6,105,92.6,75.075
47015100,CP,Encano El,Pasto,Narino,-77.30308333,1.198222222,2830,12,12,12,12.1,11.9,11.3,10.6,10.5,11.1,11.8,12.2,12.3,11.6,85.5,89.3,104.2,142.1,149,145.6,136.3,104.2,82.9,100.5,111,98.1,112.3916667
52015020,CO,Fonda La Citec,Patia,Cauca,-77.04594444,2.146055556,635,26,26.2,26.2,25.9,25.9,25.9,26.7,27.6,27.4,26.3,25.6,25.5,26.3,172.1,164.3,197.4,193.6,167.3,68.7,38,39.7,113.4,249.4,263.6,247,159.5416667
23085110,CO,Penol El,Penol,Antioquia,-75.24133333,6.21425,1956,17.8,18,18.1,18.3,18.6,18.8,18.7,18.7,18.3,18,17.8,17.7,18.2,113.2,112,181,270.2,296.6,201.4,207.7,236.8,295.5,317.6,220.4,153.2,217.1333333
26135100,CO,Bohemia La,Pereira,Risaralda,-75.73386111,4.815861111,970,24.1,24.3,24.2,23.9,23.8,23.9,24.1,24.4,23.9,23.4,23.4,23.7,23.9,109.3,105.7,176,210.5,247.2,148.4,131,122.2,161.3,184.6,216.7,139.4,162.6916667
26135040,SP,Apto Matecana,Pereira,Risaralda,-75.87758333,4.877944444,1342,21.8,22,21.9,21.5,21.4,21.5,21.7,22,21.5,20.9,20.9,21.4,21.5,132.7,132.6,220.2,249.3,257.4,196.1,133.5,129,195.9,290.5,287.9,199.4,202.0416667
26135110,CO,Veracruz,Pereira,Risaralda,-75.53333333,4.783333333,1720,18.9,19.1,19.1,18.8,18.7,18.7,19,18.9,18.7,18.3,18.4,18.6,18.8,173.7,193.2,246.4,270.3,276,211.5,168.4,171.9,225,325.8,301.7,218.2,231.8416667
26135070,CO,Cedral El,Pereira,Risaralda,-75.62738889,4.867944444,2120,15.3,15.1,15.3,15.3,15.4,15.4,15.3,15.5,15.1,14.6,14.8,15,15.2,206.8,189.8,271.2,291.3,264.3,128.9,98.4,91.9,162.4,368.7,353.5,248,222.9333333
26025100,CO,Tunia,Piendamo,Cauca,-76.52625,2.674444444,1800,19,19,19,19.1,18.9,19.2,19.4,19.7,19.3,18.9,18.6,18.7,19.1,192,221.9,226,242.6,172.6,79.6,61.2,47.7,102.9,221.2,260.3,257.4,173.7833333
24025020,CP,Cucharo El,Pinchote,Santander,-73.19916667,6.532222222,975,25.5,25.9,25.8,25.1,24.5,24.3,24.3,24.5,24.3,24,24,24.5,24.7,28.7,58.6,81.3,157.4,162.1,112.2,109.6,120.9,147.2,187.1,112.7,44.8,110.2166667
25025210,CO,Pinillos,Pinillos,Bolivar,-74.47425,8.92075,10,28.8,28.9,29.1,28.9,28.7,28.8,28.8,28.7,28.6,28.4,28.4,28.7,28.7,25,23.6,50.1,113.9,223.4,239.1,229.9,251,312.1,326.1,244.8,110.4,179.1166667
21015020,CO,Sevilla,Pitalito,Huila,-76.12483333,1.821694444,1320,21,21.1,20.8,20.7,20.5,19.9,19.4,19.5,20.1,20.5,20.6,20.8,20.4,61.7,83.9,107.3,135.9,138.4,133.5,123.9,98.6,77,99.6,95.8,80.7,103.025
29065080,CO,Media Luna,Pivijay,Magdalena,-74.50666667,10.51002778,20,27.5,27.9,28.4,28.7,28.4,28.4,28.3,28.2,27.9,27.6,27.6,27.6,28,4.2,4.8,19.2,79.7,129.1,110.7,97.5,169.8,161.6,152.7,99.8,40.1,89.1
22025010,CP,Apto Planadas,Planadas,Tolima,-75.66666667,3.166666667,1355,22.1,22.5,22.5,22.2,22.2,22.5,22.5,22.8,22.7,22.1,22,22.1,22.3,213.3,204.7,225.6,233.8,197.1,109.4,58.4,58.1,121.2,223.4,244,198.4,173.95
22015010,CO,Rosales Fca Los,Planadas,Tolima,-75.78341667,3.217166667,2040,16.2,16.3,16.3,16.3,16.3,16.2,15.8,15.8,16,16.1,16.2,16.2,16.1,86,129.4,171,201.5,212.6,169.7,123.7,108.7,144.9,167,191.6,107.6,151.1416667
25015010,CO,Centro Alegre,Planeta Rica,Cordoba,-75.63227778,8.180777778,170,28.1,28.2,28.3,28.1,27.7,27.8,27.6,27.6,27.5,27.3,27.6,27.8,27.8,58.2,139,113.4,104.1,140.9,137.1,131.5,160.9,156.4,141.2,225.8,202.5,142.5833333
25025190,CO,Planeta Rica,Planeta Rica,Cordoba,-75.58372222,8.399333333,90,27.8,28,28.3,28.2,27.7,27.7,27.6,27.5,27.3,27.2,27.2,27.5,27.6,13.3,17.5,49,132.5,208.9,213.8,205.2,241.4,192.6,165.4,100.2,45.4,132.1
21165010,CO,Pst de Monta,Prado,Tolima,-74.91694444,3.787638889,349,28,28,27.8,27.5,27.6,27.8,28.2,29,28.8,28,27.5,27.6,28,98.5,137.1,209.3,193.5,139.5,61.4,39.4,38.6,116.8,240.5,251.6,207.3,144.4583333
17025020,SP,Apto El Embrujo,Providencia,San Andres Providencia y Sta C,-81.35,13.35,1,26.8,26.8,27,27.7,28.1,28.4,28.3,28.4,28.1,27.6,27.4,27.1,27.6,97,45.6,23,27,137.4,171.1,153.7,174.1,185.6,346.4,284,128.3,147.7666667
54015010,CO,Pueblo Rico,Pueblo Rico,Risaralda,-76.03113889,5.233777778,1530,18.3,18.3,18.5,18.7,18.8,18.7,18.6,18.5,18.5,18.3,18.1,18.2,18.4,134.3,122.8,146,217.8,205.9,194.7,170.7,160.7,190.9,257.9,298.4,184.3,190.3666667
47015080,CO,Monopamba,Puerres,Narino,-77.30361111,0.804916667,1776,16.9,17,17.1,17.1,16.8,16.1,15.6,15.9,16.5,17.1,17.3,17.2,16.7,200.9,189,199.6,269.5,342.6,417.6,428,363.1,245.5,179.1,153.9,192.6,265.1166667
23095010,CP,Apto Pto Berrio,Puerto Berrio,Antioquia,-74.41222222,6.465,150,28.9,29.2,28.9,28.6,28.6,28.6,28.7,28.6,28.3,28,28,28.4,28.5,49,85.1,187.4,318.6,278,225.5,225.7,264.7,345.4,316.4,188.2,104.1,215.675
23115010,CO,Pto Boyaca,Puerto Boyaca,Boyaca,-74.56666667,5.978333333,350,28,28.2,27.8,27.6,27.8,27.9,28.3,28.4,27.6,27,27.1,27.5,27.8,65.6,104.4,181.2,270.9,251.3,167.4,159.2,166.9,258.7,290.6,190.4,115,185.1333333
38015030,CP,Apto Pto Carreno,Puerto Carreno,Vichada,-67.49122222,6.182416667,50,29.5,30.4,30.9,29.5,27.8,26.8,26.6,26.9,27.5,28.1,28.5,28.9,28.5,11.1,17,45.4,156.1,285.3,466.3,487.9,340.9,208.5,167.5,108.8,33.8,194.05
12045020,CO,Cristo Rey,Puerto Escondido,Cordoba,-76.2255,9.072166667,15,27.7,27.9,28.1,28.2,27.9,27.8,27.8,27.6,27.3,27.3,27.4,27.6,27.7,12.3,7.7,10,91.3,218.1,162.7,176.6,192.6,207.8,209.3,151.9,42.3,123.55
44115020,AM,Tagua La,Puerto Leguizamo,Putumayo,-74.77627778,0.180611111,153,26.8,26.6,26,25.6,25.1,24.7,24.6,25.3,25.7,26,26.2,26.6,25.7,106,179.2,243.2,272,317.7,323.8,271.6,224,210,222.3,203.6,132,225.45
47045010,CO,Pto Leguizamo,Puerto Leguizamo,Putumayo,-74.85027778,0.134166667,147,26.7,26.3,25.9,25.5,25.2,24.6,24.4,25.1,25.5,25.8,26.2,26.3,25.6,115,197.6,237.5,306.3,330,385.9,297.6,234.7,249.5,235.2,222.5,134.4,245.5166667
47035020,CO,Pto Ospina,Puerto Leguizamo,Putumayo,-74.66522222,0.06075,190,26.1,26,25.6,25.4,25.2,24.8,24.9,25.1,25.4,25.8,26,25.9,25.5,145.4,168,285.5,307.8,318.4,311.6,296.7,223.4,219.9,197.5,211.2,165.7,237.5916667
32075080,CO,Pto Lleras,Puerto Lleras,Meta,-73.37319444,3.267694444,245,26.6,27,26.7,26.1,25.8,25.2,24.9,25.3,25.7,26,25.9,26.3,25.9,22.5,78.8,193.7,349.1,411.1,408.4,296.4,247.7,225.1,246.8,199.1,79.1,229.8166667
35125010,CO,Margaritas Las Hda,Puerto Lopez,Meta,-72.15636111,4.340555556,150,27.8,28,27.9,26.9,26.3,25.5,25.4,25.7,26.3,26.5,26.6,26.9,26.6,13.8,37.9,92.4,230.8,313.9,330.4,291.9,257.2,230.2,232.7,140.7,25.6,183.125
23125050,CO,Carare,Puerto Parra,Santander,-73.92055556,6.616111111,168,28.3,28.7,28.5,28.2,28.1,28.2,28.4,28.3,28.1,27.8,27.9,28.2,28.2,74.5,99,184.7,293,315.2,242.5,237.7,255.5,359.5,395.3,276.6,155.1,240.7166667
23125040,CO,Campo Capote,Puerto Parra,Santander,-74.06138889,6.649444444,180,26.8,26.9,26.8,26.8,26.9,27,27,27,26.7,26.4,26.5,26.6,26.8,103,152.3,220.7,335.1,323.5,213.6,164.9,169.1,264.8,343.2,271.7,155.8,226.475
46035020,CO,Pto Rico,Puerto Rico,Caqueta,-75.15066667,1.917527778,285,26.9,26.7,26.1,25.6,25.3,24.8,24.4,25.1,25.6,25.8,26.1,26.4,25.7,107.8,199.1,377.5,495.3,540,497.6,408.7,324.9,350,351.7,278.6,132.3,338.625
23035020,SP,Apto Palanquero,Puerto Salgar,Cundinamarca,-74.65472222,5.471388889,172,28.6,28.9,28.7,28.5,28.7,28.9,29.4,29.7,28.8,28,28,28.3,28.7,86.2,92.1,143.6,232.7,232.8,106.3,82.9,98.5,182.5,296,247.5,147.8,162.4083333
26045010,CO,Ing Bengala,Puerto Tejada,Cauca,-76.4165,3.262805556,1000,24.1,24.2,24.1,23.9,24,24,24.2,24.3,24.1,23.9,23.8,23.9,24,96.8,94.6,144.7,203.6,147.7,87.3,47,43,97.4,147.5,166.7,113.5,115.8166667
24065010,CO,Brisas Las Hda,Puerto Wilches,Santander,-73.79,7.246111111,138,29,29.4,29,28.8,28.7,28.8,28.8,28.9,28.5,28.3,28.3,28.5,28.7,47.7,77.6,177.4,290.9,389.3,305.7,281.1,313.3,344.6,390.5,254.3,120.8,249.4333333
21055030,CO,Sta Leticia,Purace,Cauca,-75.45,2.166666667,2085,16.1,16.2,16,16.1,16,15.7,15.3,15.4,15.7,15.9,15.9,16,15.9,94.2,126.9,165.8,218.3,199.7,175.5,148,114.3,117.9,168.9,146,111.2,148.8916667
26015020,CO,Paletara,Purace,Cauca,-76.16391667,2.241472222,2900,11.4,11.5,11.4,11.6,11.7,11.2,10.5,10.6,11.3,11.5,11.7,11.5,11.3,72.3,76.8,81.9,112.7,110.1,110.6,146.9,98.8,71.5,95.5,99.9,85.3,96.85833333
22055030,CO,Sta Helena,Purificacion,Tolima,-74.77341667,3.896222222,300,27.9,27.8,27.7,27.1,27.1,27.3,27.6,28.3,27.9,27,27,27.3,27.5,89.9,118.7,155.4,230.3,210.3,82.1,57,52,141.5,228,193.5,142,141.725
21165030,CO,Lozania,Purificacion,Tolima,-74.89880556,3.986055556,400,26.5,26.6,26.5,26.2,26.2,26,26,26.6,26.7,26.3,26.3,26.4,26.4,119.6,146.8,215.9,231.7,193.7,85.2,49.7,53.7,135.8,288.6,280,186.9,165.6333333
11045010,SP,Apto El Carano,Quibdo,Choco,-76.64386111,5.690555556,53,26.4,26.7,26.9,26.9,27,26.8,26.8,26.8,26.5,26.3,26.2,26.2,26.6,544.9,500.7,554.5,707.2,722.4,728.1,804.6,865.8,701.7,606.3,683.1,631.8,670.925
23125140,CO,Apto Furatena,Quipama,Boyaca,-74.18241667,5.520833333,1250,21.8,21.8,21.7,21.6,21.7,21.7,21.8,22.1,21.9,21.7,21.5,21.7,21.8,129,208.4,314.8,365.8,338.3,239.6,198.2,191.8,274.9,391.2,283.1,179.1,259.5166667
16015030,CO,Esperanza La,Ragonvalia,Norte de Santander,-72.53388889,7.569722222,1760,15.9,16.2,16.8,17.3,17.6,17.3,17,17.2,17.3,17.3,17,16.3,16.9,47.8,45.2,75,163.3,172.9,125.5,116,142.2,187.8,234.4,169,81.3,130.0333333
35075030,CO,Villa Luisa,Ramiriqui,Boyaca,-73.34941667,5.422222222,2200,16.7,17,17.3,17.1,16.8,16.1,15.6,15.6,16,16.5,16.7,16.7,16.5,19.5,33.6,55.9,95.1,129,110,115.4,95.8,77.5,112,92.7,40.1,81.38333333
23175020,SS,Apto Otu,Remedios,Antioquia,-74.71627778,7.011694444,718,24.8,25,24.9,25,25,25.1,25.1,25.2,24.9,24.8,24.6,24.7,24.9,60.9,77,121.5,281.1,325.3,280.3,296.5,336.2,361.4,368,265.4,132.7,242.1916667
29035070,CP,Repelon,Repelon,Atlantico,-75.11916667,10.50027778,10,28.2,28.4,28.8,29,28.6,28.7,28.7,28.5,28.1,27.7,27.8,28.1,28.4,5.1,7.3,17.7,49.7,125.5,105.9,78.7,108.6,104.9,161.5,107.1,22.2,74.51666667
53115030,CO,Julio Fernandez,Restrepo,Valle del Cauca,-76.51666667,3.816666667,1360,20,20.2,20.3,20.3,20.2,20.2,19.9,20.1,19.9,19.6,19.7,19.8,20,49.4,67.6,76.4,130.3,128.1,84.7,59.5,65.6,106.5,145.2,108.5,66,90.65
11035020,CO,San Isidro,Rio Quito,Choco,-76.74972222,5.62625,45,26,26.3,26.6,26.6,26.6,26.5,26.5,26.4,26.3,26,25.9,25.9,26.3,516,469.6,493.6,601.8,625.6,648.3,708.8,723.9,542.5,507.4,561.7,501.8,575.0833333
25025220,CO,Norosi,Rio Viejo,Bolivar,-74.05,8.533333333,160,28.2,28.9,29.1,28.8,28.1,28.1,28.3,28.1,27.5,27.3,27.5,27.9,28.2,5.7,16.4,37.9,160.2,211,157.8,143.8,175,203.9,200.3,116.4,22.2,120.8833333
22015020,CO,Relator,Rioblanco,Tolima,-75.6315,3.52925,1200,22.5,22.7,22.7,22.9,23,23.1,23.1,23.5,23.6,22.9,22.4,22.3,22.9,214.7,194.8,238.8,285.2,226.7,111.7,88.1,80.3,137.2,293.3,257.4,237.8,197.1666667
15065010,SP,Apto A.Padilla,Riohacha,La Guajira,-72.91769444,11.52822222,4,27.1,27.2,27.4,28,28.8,29.7,29.9,29.5,28.5,28,27.7,27.3,28.3,3.7,1.6,5.5,31.3,75.9,51.2,16.8,50,142.6,148.8,75.6,31,52.83333333
15045010,CO,Matitas,Riohacha,La Guajira,-73.03027778,11.26388889,20,26.6,26.8,27.3,27.6,27.7,28.4,28.9,28.5,27.7,27.1,27.1,26.7,27.5,14.5,5.8,16.7,92.8,155.4,81.3,46.7,127.3,200.2,232.1,171.5,41.9,98.85
23085200,SP,A.J M Cordova,Rionegro,Antioquia,-75.42583333,6.168611111,2073,16.7,17.1,17.1,17.3,17.4,17.3,17.3,17.3,17.1,16.5,16.5,16.6,17,64.6,81.4,134.5,206.7,246.7,178,153.6,167.7,204.2,231.5,190.3,104.2,163.6166667
23085040,AM,Selva La,Rionegro,Antioquia,-75.41472222,6.131666667,2090,16.6,16.8,17,17.1,17.1,17,16.8,16.9,16.8,16.5,16.6,16.6,16.8,64.1,86.8,131.7,199.8,247.6,187.4,169.4,180.2,212.3,225.2,183.8,98.8,165.5916667
11135010,CO,Sautata,Riosucio,Choco,-77.11666667,7.85,2,26.8,27,27.2,27.4,27.4,27.3,27.2,27.2,26.9,26.8,26.7,26.6,27.1,56.6,44.3,50.8,139.4,209.7,256.2,238.3,238.3,239.9,235.9,216.9,131.8,171.5083333
35085020,CO,Rondon,Rondon,Boyaca,-73.20361111,5.358416667,2120,16.5,16.6,16.6,16.3,16.1,15.4,15.1,15.2,15.8,16.1,16.3,16.3,16,38.7,64.7,99.1,182.6,262.9,263.5,271.7,215.9,157.1,192.2,188,83,168.2833333
22075030,CO,Riomanso,Rovira,Tolima,-75.28447222,4.201611111,2020,16.7,16.9,17,17.2,17.2,17,16.8,17.1,17.2,17,16.8,16.8,17,97.2,125.1,165.7,215.1,213.2,146.9,115.6,107.1,151.9,185.7,179.6,125.1,152.35
23185010,CP,Villa Leiva,Sabana de Torres,Santander,-73.53722222,7.456111111,328,27.7,28.4,28.3,27.8,27.7,27.7,27.8,27.7,27.4,27,27,27.2,27.6,43.4,85.8,175.1,287.2,305.5,227.7,207.1,273.6,288.1,410.9,292.2,118.6,226.2666667
25025170,CO,Colomboy,Sahagun,Cordoba,-75.49883333,8.740861111,125,27.4,27.6,27.8,27.6,27.2,27.3,27.2,27.2,26.8,26.7,26.9,27.1,27.2,14.2,26.3,50.9,123.9,186.2,175.5,186.4,228.9,188.9,168.4,129.6,45.5,127.0583333
26185040,CO,San Felix,Salamina,Caldas,-75.37513889,5.372638889,2696,11,11.3,11.5,11.6,11.7,11.6,11.6,11.5,11.4,11.2,11,11,11.4,84.2,91.4,142.8,181.3,172.2,89.3,67.5,80.9,134.6,228.9,219.1,130.8,135.25
16025030,CP,Salazar,Salazar,Norte de Santander,-72.8,7.766666667,860,21.7,22,22.4,22.9,23.3,23.1,23.1,23.5,23.5,23,22.5,21.9,22.7,127.9,123.4,158.9,288.9,257.6,76.5,88.2,144,280.7,444.4,418.6,239.4,220.7083333
16025060,CO,Francisco Romero,Salazar,Norte de Santander,-72.83055556,7.774583333,1000,21.1,21.4,21.8,22.3,22.6,22.5,22.3,22.7,22.7,22.1,21.8,21.1,22,130.7,124.2,130.8,261.3,271.2,65.1,71,151.7,301.3,463.8,342.1,248.6,213.4833333
21135020,CO,Jabalcon,Saldana,Tolima,-75.01572222,3.855777778,425,28,28,27.9,27.6,27.7,27.8,28.3,29.1,28.6,27.7,27.4,27.5,28,94,115.5,150.4,209.2,167.2,58.6,49.1,47.1,116.7,198,178.2,131.4,126.2833333
24015220,CP,Villa Carmen,Samaca,Boyaca,-73.49577778,5.511694444,2600,14,14.2,14.4,14.5,14.4,13.8,13.3,13.3,13.7,14,14.1,14,14,29.9,50.1,74,83.5,76.6,39.2,36.9,31.7,47.9,99.5,91.3,42.3,58.575
23055040,CO,Samana,Samana,Caldas,-74.99277778,5.418333333,1475,19.2,19.3,19.4,19.5,19.5,19.9,20.2,20.4,19.9,19.3,19.1,19.1,19.6,579.5,489.1,589.6,653,628.9,332.5,263.1,310,530.2,794.7,836.4,810.3,568.1083333
52055060,CO,Tanama,Samaniego,Narino,-77.58311111,1.373555556,1500,19.5,19.7,19.8,19.8,19.9,19.9,20,20.2,20,19.8,19.5,19.5,19.8,113.1,88.7,130.1,154,129.5,65.5,36.5,32.6,76,182.4,169.7,149.4,110.625
25025270,AM,Univ de Sucre,Sampues,Sucre,-75.40222222,9.211666667,160,26.8,27.1,27.2,27.4,27,27.1,27.1,26.9,26.5,26.3,26.4,26.7,26.9,19.4,34.8,39.3,116.8,166.9,151.3,133.1,169.8,187.6,132.5,106.7,45.3,108.625
21015030,CP,Parque Arqueologic,San Agustin,Huila,-76.29497222,1.888472222,1800,18.7,18.8,18.7,18.6,18.3,17.6,17,17.2,17.9,18.4,18.5,18.5,18.2,88,101.6,127.9,157,147.7,154.6,137.9,103.8,92.7,119.3,141,117.2,124.0583333
51035020,CP,Cccp Dl Pacifico,San Andres de Tumaco,Narino,-78.73,1.819166667,1,25.8,26.1,26.3,26.5,26.4,26.1,25.9,25.9,25.8,25.8,25.6,25.7,26,341.8,276.8,286.9,330.8,360.1,217.8,166.4,97.1,125.5,113.9,136.2,205.1,221.5333333
51025010,AM,Mira El Gja,San Andres de Tumaco,Narino,-78.69558333,1.550194444,16,25.7,26,26.2,26.2,26,25.4,25.4,25.3,25.2,25.3,25.3,25.4,25.6,298.4,274.6,260.2,359.4,418.8,288.5,232.2,143.5,174.1,153.2,137.5,206.1,245.5416667
22065040,CO,San Antonio Quinta,San Antonio,Tolima,-75.48802778,3.906916667,1500,21.2,21.4,21.5,21.4,21.5,21.5,21.6,22,22,21.2,20.9,21,21.4,105,146.2,195,254,240.9,136.9,119.2,107.5,180.4,231.9,189.6,130,169.7166667
25025180,CO,San Benito Abad,San Benito Abad,Sucre,-75.03638889,8.935277778,20,28,28.4,28.7,28.6,28.3,28.2,28.2,28.1,27.9,27.8,27.9,27.9,28.2,13.5,14.7,30.3,114.7,191.8,227.2,241.7,252.3,256.7,216,147.1,50.7,146.3916667
52045030,CO,San Bernardo,San Bernardo,Narino,-77.03261111,1.538722222,2190,15.6,15.9,15.9,16,16,15.7,15.4,15.5,15.8,15.7,15.5,15.5,15.7,220.4,175.7,206.6,217.2,169.6,74.7,54.8,40.7,81.5,240.8,311.5,247.4,170.075
13085030,CO,San Bernardo del V,San Bernardo del Viento,Cordoba,-75.94930556,9.370777778,22,27.2,27.2,27.3,27.5,27.4,27.4,27.4,27.3,27.1,27.1,27.2,27.2,27.3,81.7,124.1,128.8,118.4,119.1,117.3,98.1,124.2,119.1,66.3,141.6,168.7,117.2833333
23085220,CP,San Carlos,San Carlos,Antioquia,-75.03891667,6.157666667,1113,22,22.3,22.4,22.6,23,23.1,23,23.1,22.7,22.2,21.8,22,22.5,185.7,193,318.6,468.3,454.5,312,298.2,382.9,449,588.5,458.9,284.1,366.1416667
23125070,CO,San Cayetano,San Cayetano,Cundinamarca,-74.06666667,5.3,2150,15.8,15.9,16,16.2,16.3,16.4,16.2,16.3,16.3,16.1,16.1,16,16.1,117.4,137.9,160.6,192.7,152.2,41.9,38.1,38.3,96.5,219.6,199.9,152.8,128.9916667
28025020,CO,Rincon El,San Diego,Cesar,-73.13138889,10.27138889,350,26.1,26.9,27.4,27.2,26.6,26.5,26.8,26.7,26.1,25.7,25.6,25.6,26.4,13.1,35.6,52.6,147.8,201.5,126.1,105.1,139.4,158.2,203.6,133.4,34.7,112.5916667
23085140,CO,San Francisco,San Francisco,Antioquia,-75.10077778,5.963666667,1306,21.7,21.8,21.7,21.8,21.8,22,22,21.9,21.7,21.5,21.5,21.7,21.8,292.2,286.6,379.5,493.9,525.3,346.1,339.5,427.3,584.9,610.9,572.9,374.8,436.1583333
23065100,CO,Sabaneta,San Francisco,Cundinamarca,-74.30738889,4.90175,2475,13.2,13.5,13.5,14,14.2,14.1,13.7,13.7,13.8,13.6,13.5,13.3,13.7,86.1,123.9,176.3,152.6,114.9,61.2,52.8,55.9,76.5,175.9,218.3,161.7,121.3416667
44045010,CO,San Jose de Fragua,San Jose del Fragua,Caqueta,-75.9615,1.325138889,320,26,25.7,25.3,25,24.9,24.3,24,24.6,25.4,25.5,25.5,25.7,25.2,177.1,269.5,355,505.1,522,441.2,358.3,308.9,296.1,360.9,365.3,226.5,348.825
32105070,CO,San Jose Guaviare,San Jose del Guaviare,Guaviare,-72.64708333,2.553027778,165,26.3,26.7,26.4,25.9,25.4,24.7,24.6,25.1,25.5,25.7,25.8,26.1,25.7,44.6,94,153.2,319.7,353.6,355,334.9,273.1,237.1,235.4,225,99.9,227.125
31015010,CO,Trueno El,San Jose del Guaviare,Guaviare,-72.64,2.372777778,150,26.2,26.4,26,25.5,25,24.4,24.1,24.5,25,25.3,25.3,25.7,25.3,58.7,84.1,193.6,308.3,377.2,370.9,350.1,273.1,239.3,278.9,208.6,122.4,238.7666667
54025010,CO,San Jose Palmar,San Jose del Palmar,Choco,-76.23194444,4.898472222,1115,20.6,20.8,21,21.2,21.3,21.2,21.1,21.1,20.8,20.6,20.6,20.6,20.9,297,275.4,291,325.5,354.4,254.8,232.8,255.2,292.8,451,505.1,390.2,327.1
35015050,CO,Barbascal,San Martin,Meta,-73.34927778,3.630777778,250,26.4,26.6,26.1,25.6,25.2,24.6,24.4,24.9,25.5,25.6,25.7,26.1,25.6,29.6,63.5,189.9,341.3,354.9,353.9,281.9,209.4,187.5,264.9,215.3,55.8,212.325
23205020,CO,Col Cooperativo,San Pablo,Bolivar,-73.92555556,7.475,165,28.7,28.9,28.8,28.2,28.1,28.3,28.4,28.3,27.9,27.6,27.8,28.4,28.3,26.5,67.5,105.2,244,347.2,283,286.8,360.8,367.4,359.1,223.1,61.7,227.6916667
23085210,CP,Violetas Las,San Rafael,Antioquia,-75.00277778,6.348888889,1016,22.5,22.7,22.9,23,23.2,23.1,23,23.1,22.9,22.6,22.5,22.5,22.8,123.7,149.7,210.4,354.4,393.1,310.2,274.8,346.3,456,488.2,356.7,198.1,305.1333333
23085080,CP,Nus Gja Exp El,San Roque,Antioquia,-74.83666667,6.485833333,835,23.3,23.8,23.8,23.8,23.7,23.7,23.7,23.8,23.6,23.2,23.1,23.2,23.5,46.5,91.6,120.2,233.6,268.9,209.7,213.7,222.3,291.5,274.4,175.4,85.5,186.1083333
44015030,CP,Valencia,San Sebastian,Cauca,-76.66875,1.900416667,2900,10.8,11,11.1,11.1,11.2,10.6,10,10,10.3,10.7,10.9,11,10.7,76.1,71.8,84.8,103,94,83.7,99.1,71.2,56.2,111.1,115.1,99.8,88.825
25025300,CO,Seis El,San Sebastian de Buenavista,Magdalena,-74.27361111,9.303888889,50,29,29.6,29.7,29.1,28.7,28.7,28.9,28.9,28.6,28.2,28.3,28.4,28.8,15.3,18.6,52.2,127.6,164.5,130.3,102.4,173.8,158.4,172.9,125.9,52.2,107.8416667
25025320,CP,Alamos Los,San Sebastian de Buenavista,Magdalena,-74.19013889,9.382527778,25,28,28.9,29.4,29,28.5,28.4,28.7,28.5,27.9,27.5,27.4,27.5,28.3,13.2,23,57.3,134.2,195.5,157.6,112.3,189.3,211.7,186.7,148.1,66.1,124.5833333
23015040,SS,Apto Mariquita,San Sebastian de Mariquita,Tolima,-74.91583333,5.2975,475,26.5,26.7,26.5,26.3,26.3,26.5,27.2,27.4,26.6,26.1,25.8,26,26.5,114.6,129.7,184.3,280.2,258.3,103.7,94.8,136.8,199,311.3,275.1,175.2,188.5833333
23025040,CO,Albania,San Sebastian de Mariquita,Tolima,-74.88638889,5.209722222,500,24.9,25,24.8,24.9,24.9,25.3,25.5,25.8,25.2,24.6,24.5,24.5,25,218.7,182.2,302.6,383.1,332.6,141.3,116.5,192.3,258.2,489.6,503.5,372.8,291.1166667
23085160,CO,Corrientes,San Vicente,Antioquia,-75.25352778,6.311888889,1950,17.2,17.3,17.4,17.6,17.8,17.7,17.4,17.6,17.4,17.3,17.2,17.3,17.4,96.2,134.1,171.6,279.7,301.6,270,281.5,281.8,304.4,307.6,228.4,128.5,232.1166667
46015010,CP,S.Vcte Caguan,San Vicente del Caguan,Caqueta,-74.76269444,2.063,300,27.3,27.3,26.6,26,25.8,25.1,24.7,25.4,25.7,26.1,26.2,26.8,26,49.1,124.1,219.1,331.3,315.8,346.9,287.9,199.4,203.2,215.3,140.4,59.4,207.6583333
46015020,CO,Sta Rosa Caguan,San Vicente del Caguan,Caqueta,-74.78505556,1.735472222,240,26.8,26.7,26.1,25.6,25.3,24.6,24.4,25,25.5,25.9,26,26.4,25.7,55.8,135.9,276.4,337.5,347.9,351,292.5,223,219.8,261,164.3,74.5,228.3
14015010,CP,Galerazamba,Santa Catalina,Bolivar,-75.26166667,10.79486111,20,26.5,26.5,26.8,27.3,27.8,27.9,27.8,27.7,27.6,27.5,27.6,27,27.4,1,0.5,4.4,17,72.5,91.8,87.6,117.5,122.9,208.7,126.1,25.5,72.95833333
21125010,CO,Sta Maria,Santa Maria,Huila,-75.58380556,2.942638889,1300,20.8,20.9,21.1,21.1,21.1,21,20.9,21,21.2,21,20.8,20.8,21,87.5,112.5,141.8,180.3,157,91.1,60.8,51,86.7,180.3,187.6,108,120.3833333
15015050,SP,Apto Simon Bolivar,Santa Marta,Magdalena,-73.93238889,11.0915,4,27.4,27.9,28.4,28.9,29.1,29.1,28.8,28.6,28.3,27.9,27.8,27.5,28.3,3.1,2,2.3,14.1,55.4,60.7,59.6,70,88.3,111,63.5,15.2,45.43333333
15015040,CO,Univ Tec Magdalena,Santa Marta,Magdalena,-74.22888889,11.12833333,7,27.6,27.8,28.1,28.4,28.2,28.6,28.6,28,27.4,26.9,27.6,27.4,27.9,2.2,2.1,5.7,15.9,59.5,76.3,60.5,91.2,116.9,142,73.5,32.8,56.55
15015100,CO,Parque Tayrona,Santa Marta,Magdalena,-73.91027778,11.29166667,30,25.1,25.4,25.7,26.4,26.9,27.2,27,27.1,27,26.6,26.5,25.6,26.4,33.8,32.7,29.3,105.6,138.2,70.4,70.3,106.3,175,266.3,211.9,154.2,116.1666667
15015110,CO,Alto de Mira,Santa Marta,Magdalena,-74.03361111,11.08,1080,19.8,19.7,20.4,21,21.6,21.6,21.4,21.5,21.4,21.1,20.8,20.2,20.9,81.7,91.1,96.5,225.8,412.5,442.3,377.8,517.4,482.4,457.9,465.7,272.9,327
15015060,CP,San Lorenzo,Santa Marta,Magdalena,-74.18591667,11.22305556,2200,12.4,13,13.3,13.9,14.3,14.4,14.2,14.1,13.7,13.5,13.3,12.7,13.6,17.5,27.6,34.7,162.7,285.9,319.9,337.1,381.9,410.6,387.5,255.3,109.6,227.525
26135060,CO,Jazmin El,Santa Rosa de Cabal,Risaralda,-75.63333333,4.916666667,1600,19.8,20,20.2,19.6,19.4,19.7,20,20.1,19.4,18.7,18.8,19.4,19.6,188.7,173,209.2,292.8,242.9,178.8,157.6,173.7,189.2,297.5,275.9,174.4,212.8083333
26135160,CO,San Remo,Santa Rosa de Cabal,Risaralda,-75.5795,4.841972222,2000,17,17.2,17.2,17.2,17.3,17.2,17.3,17.4,17,16.8,16.8,16.9,17.1,174.7,165.1,242.5,298.1,278,197.3,140.4,150.3,212.2,309.6,274.5,224,222.225
27015110,CO,Aragon,Santa Rosa de Osos,Antioquia,-75.827,6.534,2600,13,13.1,13.2,13.5,13.8,13.7,13.5,13.5,13.4,13.2,13.1,13.1,13.3,54.9,86.6,132.2,193.4,246.6,165.8,168,157.1,197.9,234.5,188.6,107.3,161.075
23205030,CO,Sta Rosa D Simiti,Santa Rosa del Sur,Bolivar,-74.24097222,7.885416667,650,25.3,25.9,25.8,25.1,24.7,24.9,25,24.9,24.4,24,24.2,24.7,24.9,12.7,24.8,77.9,163.2,234.9,227.6,212.1,240.4,212.9,192.8,124.4,38,146.8083333
23205050,CO,Canelos,Santa Rosa del Sur,Bolivar,-74.05916667,7.965277778,750,21.8,22.1,22.3,22.1,22.2,22.3,22.3,22.4,22,21.7,21.6,21.7,22,45,70.4,116.2,213.2,261.4,224.9,212,236.9,237,247.4,196.8,92.4,179.4666667
24015090,CO,Inst Agr Sta Sofia,Santa Sofia,Boyaca,-73.60227778,5.710666667,2300,16.1,16.3,16.3,16.4,16.4,16.2,15.9,16.1,16.1,16,15.9,15.9,16.1,49.5,74.2,109.5,146.5,120.9,69,60.8,55.7,86.7,155.4,136.1,81.2,95.45833333
26225030,AM,Cotove Hda,Santafe de Antioquia,Antioquia,-75.82738889,6.533916667,530,27.9,28.4,28.4,27.5,26.7,26.6,26.8,27.1,26.4,26,26.3,26.8,27,18.8,30,46.5,86.5,143,110.2,101.8,108.8,144.2,151.1,87.6,46.7,89.6
26025030,CO,Japio,Santander de Quilichao,Cauca,-76.45,3.05,1015,23.5,23.7,23.6,23.5,23.4,23.5,23.6,24.1,23.8,23.3,23.1,23.4,23.6,147.7,141.2,180.7,224.4,159.8,93.3,51.1,67.4,113,212,228.4,167.1,148.8416667
27015190,CO,Guayabito,Santo Domingo,Antioquia,-75.14694444,6.540833333,1700,21.1,21.4,21.6,21.5,21.6,21.7,21.6,21.7,21.4,21.1,21,21,21.4,122.1,167.6,240,401,498,351.3,369,393.3,474.3,455.4,325.7,185.5,331.9333333
26145030,CO,Camelia La,Santuario,Risaralda,-75.96694444,5.080222222,1650,19.1,19.4,19.4,19.3,19.2,19.3,19.6,19.7,19.2,18.7,18.7,18.9,19.2,111.2,116.7,144.9,207.3,214.5,176.2,148.7,136.9,169.1,218.8,217.2,139.5,166.75
52055100,CO,Villa Rosa,Sapuyes,Narino,-77.63827778,1.0305,3000,11.4,11.6,11.7,11.8,11.8,11.6,10.9,10.6,11.1,11.5,11.5,11.6,11.4,82.9,88.7,145.4,135,123.8,64.3,41.3,23.6,61.2,113.9,139.8,109.9,94.15
37045010,CO,Saravena,Saravena,Arauca,-71.89055556,6.946388889,148,25.5,26.2,26.4,26,25.6,24.9,24.9,25.1,25.5,25.7,25.7,25.4,25.5,44.4,79.8,109.2,253.4,397.3,420.6,361.2,335.8,297.6,338.5,200.6,115.6,246.1666667
16035030,CO,Sardinata,Sardinata,Norte de Santander,-72.80305556,8.076666667,320,25,25.6,26.1,26.5,27,27.4,27.5,27.8,27.2,26.5,25.9,25.2,26.5,79.3,86.9,125.7,185.8,162.4,59.3,54.8,118.2,189,265.6,234,144.1,142.0916667
24035320,CO,Sativanorte,Sativanorte,Boyaca,-72.70472222,6.133166667,2594,15.5,15.5,15.5,15.5,15.4,15.2,15,15.1,15.2,15.1,15.1,15.3,15.3,38.9,54.3,91.3,153.5,122.8,46.8,44.8,49.7,81.6,156.4,148.9,61.3,87.525
26125130,CO,Cumbarco,Sevilla,Valle del Cauca,-75.83236111,4.185027778,1692,18.9,19,18.8,18.8,18.8,19,19.2,19.4,19,18.5,18.4,18.6,18.9,158.2,152.7,228.9,277.5,251.3,143.4,102.6,94.9,190.8,335.5,279,208.4,201.9333333
47015090,CO,Primavera La,Sibundoy,Putumayo,-76.93269444,1.168305556,2067,15.8,15.8,15.8,15.7,15.8,15.1,14.7,14.6,15,15.7,16.2,16.1,15.5,88,108.4,129.3,169.5,197.3,212.9,204.3,145.6,121,116.2,101.3,99.9,141.1416667
37015010,CO,Silos,Silos,Norte de Santander,-72.75333333,7.2075,2765,11.9,12.2,12.5,12.5,12.5,12,11.8,12,12.2,12.3,12.3,11.9,12.2,16.1,24.7,45.7,87.8,107.8,94.1,90.2,89.7,99.2,107.4,60.9,30.8,71.2
21205720,CO,San Jorge Gja,Soacha,Cundinamarca,-74.18927778,4.50575,2900,11.7,11.8,11.9,12,11.9,11.7,11.4,11.5,11.7,11.7,11.8,11.8,11.7,23.1,38.8,61.8,93.8,98.1,70.1,63.4,48.9,52.8,98.2,86.1,42.8,64.825
35235010,CO,Cardon El,Socota,Boyaca,-72.52927778,6.011666667,3590,6.6,6.5,6.6,6.6,6.5,5.9,5.4,5.4,5.7,6.2,6.6,6.6,6.2,33.3,60.6,89,207.7,301.1,379.7,446,367.7,251.8,196.8,114.9,61,209.1333333
24035340,CP,Apto A Lleras C,Sogamoso,Boyaca,-72.96791667,5.676944444,2500,13.9,14.2,14.6,14.8,14.6,14.2,13.9,13.8,13.9,14.2,14.6,14.1,14.2,20.5,28.5,63.4,105.4,99.3,56.5,51.5,45.2,60,100.8,85.9,26.4,61.95
44135010,CP,Araracuara,Solano,Caqueta,-72.38191667,0.616361111,150,26.1,26.4,26.4,25.9,25.5,25.2,24.9,25.4,25.9,26.1,26,26.3,25.8,152,199.1,262.1,395.6,413.6,358.6,332.5,263.3,255.5,261.3,243.3,200,278.075
44055010,SP,Tres Esquinas,Solano,Caqueta,-75.23611111,0.7375,219,27.1,26.3,25.8,25.5,25.4,24.7,24.6,25,25.6,25.8,26.2,26.6,25.7,97.8,143.3,201.7,315,317.9,335.2,241.7,221.4,203.8,186.1,150.3,143.9,213.175
29045020,SP,A.E Cortissoz,Soledad,Atlantico,-74.77977778,10.88333611,14,26.7,26.8,27.2,27.8,28.2,28.2,28,28.1,27.8,27.4,27.5,27.1,27.6,1.2,0.5,1.9,31.8,118,83,92.1,112.6,160.5,169.6,95.6,37.5,75.35833333
52015010,CO,Paispamba,Sotara,Cauca,-76.61194444,2.25,2450,13.7,13.8,14,14.1,14.3,14.1,14.2,14.3,14.3,13.8,13.4,13.5,14,220,178.7,172.7,204.1,118.4,65.3,33.3,20.1,58.4,267.7,312.3,265,159.6666667
21035040,CO,Libano El,Suaza,Huila,-75.82777778,1.868388889,1045,22.9,22.8,22.6,22.6,22.4,22.1,22,22,22.2,22.6,22.7,22.7,22.5,49.8,81.9,115.7,130.1,137.6,134.4,118.5,88.2,96.7,107.9,81.4,65.1,100.6083333
21205570,CP,Primavera La,Subachoque,Cundinamarca,-74.21666667,4.85,2590,11.2,11.8,11.4,12.1,12.2,12,11.2,11.7,11.6,11.4,11.2,10.7,11.6,29.8,41.5,65.2,100.7,103.5,62.9,54.9,53,70.9,113.6,93.1,47.6,69.725
26175070,CO,Rafael Escobar,Supia,Caldas,-75.65,5.466666667,1320,22.2,22.6,22.7,22.2,21.9,22.1,22.2,22.4,21.8,21.3,21.3,21.8,22.1,128.2,110.3,158.7,196.3,209.8,120.1,113.2,125.1,202.5,246.4,240.8,155.4,167.2333333
23195090,CO,Vivero Surata,Surata,Santander,-72.99111111,7.473888889,1725,18.6,18.7,18.7,18.5,18.5,18.5,18.6,18.7,18.5,18.2,18.3,18.4,18.5,30.4,45.4,80.9,150.3,145.7,66.8,39.2,72.7,126.4,180.4,135.1,49.2,93.54166667
23195200,CO,Cachiri,Surata,Santander,-72.9875,7.365833333,1850,17.5,18,18,17.8,17.9,18,17.8,17.8,17.4,17.2,17.3,17.4,17.7,18.1,31,58.9,143.4,157.4,72.8,52,89.2,147.2,200.8,110.7,36.3,93.15
24015210,CO,Sutatausa,Sutatausa,Cundinamarca,-73.85,5.25,2700,13.5,13.7,13.8,14,13.8,13.3,13.3,13.4,13.6,13.9,13.7,13.6,13.6,29.5,55.5,85.2,92.3,72.1,38.7,29.6,29.8,54.2,89.5,71.5,41.5,57.45
35075020,CP,Sutatenza,Sutatenza,Boyaca,-73.44916667,5.022277778,1930,18.2,18.3,18.4,18.2,17.9,17.2,16.9,17,17.6,18,18.2,18.3,17.8,18.9,31.3,53.5,119.3,177.2,184.5,171.9,148.2,107,98.3,68.7,24.8,100.3
21205650,CP,Tabio,Tabio,Cundinamarca,-73.93333333,4.766666667,2620,13.4,13.6,13.9,14.2,13.8,13.5,13.4,13.5,13.6,13.4,13.5,13.5,13.6,27,48.5,60.1,91.4,84.2,54.9,55.7,50.8,61.8,94,86.3,51.4,63.84166667
36025010,CO,Tame,Tame,Arauca,-71.74502778,6.456194444,350,26.3,26.5,26.7,26.2,26,25.5,25.4,25.5,25.7,26,26.1,26.3,26,28.3,36.9,69.7,187.2,289.7,303.7,294.4,247.1,211,205.5,110.2,32.3,168
26175030,CP,Nacional Gja La,Tamesis,Antioquia,-75.69427778,5.720166667,1151,22.7,23.4,23.4,22.9,22.5,22.5,22.7,23,22.4,21.8,22,22.1,22.6,85.9,102.6,148.4,230.5,291.3,204.4,192.3,202.3,278.5,306.5,246.9,161.5,204.2583333
52045040,CO,Taminango,Taminango,Narino,-77.2675,1.549166667,1875,17.3,17.5,17.7,17.7,17.9,18.1,18.4,18.8,18.1,17.5,17.1,17.1,17.8,138.2,126.6,167.1,210.8,168.1,77.9,55.8,43,92.9,217.6,237.4,180.2,142.9666667
52055090,CP,Sindagua,Tangua,Narino,-77.38936111,1.107583333,2800,13.1,13.2,13.2,13.3,13.3,13.1,12.9,13.1,13.3,13.3,12.9,13,13.1,91.3,83.5,91,113.7,94.1,50.9,29.4,22.5,50.8,111.6,137.8,112.4,82.41666667
35195020,CO,Tauramena,Tauramena,Casanare,-72.75036111,5.020805556,460,26.2,26.5,26.3,25.5,25.2,24.8,24.4,24.9,25.3,25.5,25.6,25.9,25.5,15.7,52.8,129.2,343.2,433.8,444.8,386,331.3,311.1,306.3,190.7,57.3,250.1833333
21115070,CO,Portal El,Tello,Huila,-75.073,3.014944444,1300,22.2,22.4,22.2,22,22,22.1,22,22.5,22.8,22.1,21.6,21.7,22.1,94.4,106.7,170.8,176.2,142.6,70.6,60.7,41.7,67.6,200.2,214.6,141.4,123.9583333
21205980,CO,Providencia Gja,Tenjo,Cundinamarca,-74.20091667,4.792388889,2560,13.3,13.7,13.9,14.2,14.2,13.9,13.6,13.6,13.6,13.7,13.8,13.5,13.7,28.5,45.1,74.9,99.9,98.5,70.1,54.2,47.5,65.5,100,80.5,55.4,68.34166667
16055020,CO,Teorama,Teorama,Norte de Santander,-73.28527778,8.442222222,1160,20.4,21,21.5,21.8,22.3,22.4,22.2,22.5,22.4,22,21.4,20.7,21.7,37,36.4,51.1,118.2,139.5,90.7,110.4,147.9,184.6,201.7,135.6,87.4,111.7083333
16035020,CO,Petrolea,Tibu,Norte de Santander,-72.57944444,8.468611111,62,27.8,28,28.1,28.2,28.5,28.6,28.3,28.4,28.6,28.5,28.3,27.9,28.3,91.5,85.9,149.8,315.4,275.8,175.4,206.4,224.1,272.2,341.7,294.4,202.5,219.5916667
16035010,CO,Tibu,Tibu,Norte de Santander,-72.72666667,8.638333333,50,26.4,27.1,27.6,27.8,28,27.9,27.8,28.1,27.8,27.4,27,26.5,27.4,88.4,106.6,154.5,306.9,309.5,179.6,204.4,253.7,290.9,352,352.7,207.7,233.9083333
24035040,CO,Copa La,Toca,Boyaca,-73.20794444,5.579444444,2700,13.2,13.6,13.9,14,13.8,13.4,13.1,13.2,13.3,13.6,13.8,13.5,13.5,27.4,32.9,70.8,91.2,92.4,54.4,55.2,41.9,54,86.8,90.6,46.6,62.01666667
37015020,CP,Berlin Automatica,Tona,Santander,-72.86861111,7.186944444,3214,8.5,8.7,9,9.3,9.2,8.8,8.4,8.7,8.9,9,9,8.7,8.8,14,23.9,36.4,81.5,92.3,59,55.7,68,94.1,99.7,54,19.6,58.18333333
26025070,CO,Gabriel Lopez,Totoro,Cauca,-76.28905556,2.509777778,3000,10.5,10.5,10.6,10.7,10.6,10.2,9.8,10,10.4,10.6,10.6,10.5,10.4,65.8,64.7,85.1,96.9,105.6,89.2,116.4,79.9,72,101,105.5,68.2,87.525
26105160,SP,Apto Farfan,Tulua,Valle del Cauca,-76.22311111,4.090388889,955,24.1,24.3,24.3,23.9,23.8,23.7,24.1,24.2,24,23.4,23.1,23.5,23.9,80.7,85.9,146.7,156.1,135.3,82.8,61.9,60.3,108.5,156.1,140.6,87.3,108.5166667
26105230,CO,Mateguadua,Tulua,Valle del Cauca,-75.88805556,4.033333333,1025,22.6,22.8,22.7,22.6,22.5,22.6,22.7,23.1,22.7,22.3,22.2,22.3,22.6,94.5,93.7,148,160.8,112.3,64.6,47.3,56.9,127.4,163.1,145.1,101,109.5583333
26105140,CO,Barragan,Tulua,Valle del Cauca,-76.16805556,4.028694444,2902,11.7,11.8,11.9,12,12.2,12,11.7,11.8,11.7,11.4,11.3,11.5,11.7,76,68.7,99.4,108.8,98.4,47.3,34.1,38.3,61.4,141.2,129.6,88.1,82.60833333
24035130,CP,U P T C,Tunja,Boyaca,-73.35527778,5.553555556,2690,13.3,13.6,13.9,13.8,13.5,12.7,12.2,12.3,12.7,13.2,13.4,13.2,13.1,18.1,27.4,53.5,81.3,85.2,55,49.1,40.2,50,86,73.9,32.8,54.375
52055020,CO,Paraiso El,Tuquerres,Narino,-77.63688889,1.070611111,3120,11.1,11.1,11.2,11.4,11.4,10.9,10.2,10.3,10.7,11.1,11.1,11.1,11,77,79.6,101.6,133.7,108.4,55,34.7,28.3,54.9,115.6,114.2,101.8,83.73333333
12025040,CO,Turbo,Turbo,Antioquia,-76.71633333,8.091805556,37,27.2,27.2,27.3,27.5,27.4,27.5,27.2,27.4,27.4,27.3,27.2,27.1,27.3,79.8,50,75.6,235.2,290.7,252.5,218.6,265.1,217.6,184,230.6,193.9,191.1333333
35025050,CO,Llano Largo,Ubaque,Cundinamarca,-74.03027778,4.482833333,2980,11.7,11.6,11.6,11.5,11.4,10.8,10.2,10.3,11.1,11.6,11.8,11.8,11.3,33,53,76.4,114.9,168.9,169.4,172,139.5,91.9,97.7,108.2,54.6,106.625
15085040,CO,Rancho Grande,Uribia,La Guajira,-71.28388889,12.17888889,50,27.8,27.8,28.3,29,29.4,29.8,29.9,30.1,29.7,29,28.7,28.1,29,6.9,4.3,1.2,9.3,34.7,10.4,7.2,28.9,72.4,96,56.6,19.8,28.975
15075060,CP,Pto Bolivar,Uribia,La Guajira,-71.99955556,12.22430556,10,27,27,27.4,28.1,29,29.5,29.3,29.5,29.3,28.8,28.3,27.5,28.4,4.8,1.5,2.6,6.9,27.3,8.2,11,29.3,60.2,95.2,53.5,30.3,27.56666667
15085020,CP,Nazareth,Uribia,La Guajira,-71.81666667,11.68805556,85,25.7,25.8,26.3,26.9,27.5,27.9,27.8,28.3,28.4,27.8,27.1,26.1,27.1,20.7,11.3,10.5,23.7,44.3,14.2,6.5,17.8,46,154.5,153.5,70.6,47.8
11075020,CO,Urrao,Urrao,Antioquia,-76.15805556,6.356388889,1850,17.3,17.4,17.6,17.6,17.6,17.6,17.5,17.5,17.2,17,17.1,17.2,17.4,51.6,59.5,84,151.4,196.6,180.4,161.7,144.4,182.5,200,149.5,92.5,137.8416667
11075010,CO,Honda La,Urrao,Antioquia,-76.13986111,6.324944444,1850,16.6,16.7,16.9,17,17.1,16.9,16.8,16.8,16.6,16.5,16.7,16.5,16.8,63.5,74.3,94.8,151.8,182.5,160.4,158.9,134.9,208.5,207.2,184.5,109.2,144.2083333
28015070,CO,Urumita,Urumita,La Guajira,-73.00877778,10.55986111,255,27.4,28,28.5,28.4,27.8,27.9,28.4,28.3,27.5,27,26.9,26.8,27.8,4.4,13.1,35,111.3,172.6,123.5,90.2,112.8,147.5,187.3,119.6,47.7,97.08333333
26255020,CP,Sta Isabel,Valdivia,Antioquia,-75.44227778,7.157277778,1200,21.2,21.4,21.7,21.8,22,22,21.9,22,21.7,21.5,21.4,21.2,21.6,332.8,414.7,410.7,356.2,392.6,408.2,346,405.1,497.1,399.1,466.3,436.9,405.475
21185080,CO,Valle de San Juan,Valle de San Juan,Tolima,-75.10444444,4.216944444,650,25.8,26.4,26.3,26,25.9,25.8,26.4,27.5,27.1,26,25.4,25.3,26.2,77.4,75.1,137.2,194.3,205.9,104.7,56,57.2,120.8,191.4,158.1,105.7,123.65
28035040,CO,Guaymaral,Valledupar,Cesar,-73.24944444,10.43944444,50,30.4,30.5,30.3,30.2,29.7,29.8,29.9,29.8,29.3,28.8,29,29.7,29.8,6.8,28.5,78.1,125.9,181.3,119.1,114.4,140.7,154.8,169.7,148.9,40,109.0166667
28035030,SP,Apto Alfonso Lopez,Valledupar,Cesar,-73.31944444,10.36305556,138,29.1,29.9,30.2,29.8,28.9,29.1,29.8,29.4,28.2,27.8,27.9,28.4,29,7.6,9.2,27.4,76.4,169.9,83.5,67.3,115.6,124.6,202.7,105.3,35.9,85.45
28035010,CO,Villa Rosa,Valledupar,Cesar,-73.64752778,9.904916667,70,29.4,30.2,30.3,29.6,29,28.8,29.2,29,28,27.7,27.8,28.3,28.9,18,10.2,69.3,137.3,167,137.3,105.5,154.9,183.8,193.1,132.4,38.2,112.25
28035020,CO,Callao El,Valledupar,Cesar,-73.54722222,10.19277778,110,28.5,29.4,29.7,29.1,28.2,28.2,28.7,28.5,27.5,27.1,27.4,27.6,28.3,9.7,13.1,36.2,114.4,175.3,119.6,87.9,126.2,159.1,194.5,117.4,40.4,99.48333333
44045020,CO,Valparaiso,Valparaiso,Caqueta,-75.70447222,1.19525,270,26.9,26.6,26.3,25.8,25.7,25.3,25.2,25.6,26.1,26.4,26.5,26.6,26.1,125,212.4,282,388.2,360.7,351,332.8,237.2,218.1,230.7,214.3,129.9,256.8583333
23105030,CO,Vegachi,Vegachi,Antioquia,-74.79658333,6.774111111,995,22.1,22.5,22.7,22.7,22.7,22.8,22.8,22.9,22.5,22.2,22,22,22.5,27.2,70.2,113.6,240.2,253.9,204,218.8,233.9,280.4,244.2,158.7,67.1,176.0166667
24015270,CO,Velez Granja,Velez,Santander,-73.67277778,5.997222222,2170,16.7,16.7,16.7,16.7,16.7,16.7,16.6,16.6,16.6,16.4,16.4,16.7,16.6,55.4,79.2,135.5,244,273.1,186.1,171.4,170.9,222.8,263.7,185.6,86.1,172.8166667
26205020,CP,Rosario El,Venecia,Antioquia,-75.71666667,5.933333333,1600,20.3,20.7,21,20.3,20.1,20.5,20.8,20.6,19.9,19.1,19.4,19.9,20.2,92.1,105.6,168.6,253.9,345.9,248.6,188.1,237.9,297.9,310.8,259,166.3,222.8916667
24015300,CP,Villa de Leiva,Villa de Leyva,Boyaca,-73.54394444,5.655833333,2215,16.7,17.1,17.2,17.3,17.2,17.1,16.8,16.9,17,16.7,16.7,16.6,16.9,50.2,71.1,115.3,123,106.7,41.8,39.7,40.2,67.4,148.9,119.2,83,83.875
47015070,CO,Pto Umbria,Villagarzon,Putumayo,-76.57044444,0.838972222,358,25.5,25.4,25,25,24.7,24.2,24,24.5,25,25.3,25.4,25.5,25,236.2,255.6,375.2,482,480.6,442.2,372.4,260.4,308.6,350.8,373.3,332.7,355.8333333
44015010,AM,Villagarzon,Villagarzon,Putumayo,-76.61925,1.03425,440,24.9,24.8,24.5,24.2,23.9,23.5,23.2,23.7,24.4,24.7,24.6,24.6,24.3,331.5,356.8,381.7,522.3,561.4,574.1,491.9,370.7,351.2,354.1,362.7,369.3,418.975
21255120,CO,Villahermosa,Villahermosa,Tolima,-75.11722222,5.026666667,2029,16.5,16.6,16.8,17.1,17.3,17.1,16.9,17,17,16.7,16.7,16.6,16.9,161.1,192.2,242.4,286,292.9,137.2,108.1,125.9,232,308.2,270.8,185,211.8166667
26155150,CP,Brisas Las,Villamaria,Caldas,-75.35,4.901472222,4150,4.4,4.6,4.8,5,5.1,4.9,4.5,4.5,4.4,4.4,4.4,4.5,4.6,85.7,83.3,116.7,178,189.3,112.3,70.7,73.2,114.7,192.2,145.7,86.7,120.7083333
35095110,CP,Huerta La Grande,Villanueva,Casanare,-72.91733333,4.655083333,255,27.2,27.6,27.1,25.8,25,24.5,24.2,24.8,25.3,25.8,26,26.6,25.8,14,51.4,118.2,314.3,437.2,393.6,331.6,309,293.7,289.1,183.9,62.8,233.2333333
35025020,AM,Libertad La,Villavicencio,Meta,-73.6205,4.163444444,336,27,27.4,27.1,25.8,25.2,24.5,24.3,25,25.5,25.6,25.9,26.2,25.8,33.4,86,152.3,365.6,441.4,407,305.7,245.6,284.9,321.3,233.5,88.2,247.075
35035020,SP,Apto Vanguardia,Villavicencio,Meta,-73.46791667,4.057361111,423,26.7,27.2,26.8,25.7,25.2,24.5,24.2,24.9,25.5,25.6,25.6,25.9,25.6,63,132.2,230.4,520.2,673.8,541.6,460.6,399.6,406.8,498.9,424.5,186.3,378.1583333
35035070,CP,Unillanos,Villavicencio,Meta,-73.582,4.076722222,340,26.4,26.6,26.2,25.5,24.9,24.2,24.2,24.6,25.1,25.4,25.3,25.7,25.3,53.6,102,207.7,446.9,488.8,470,379.3,333,314.2,432.8,298.3,100.3,302.2416667
21115060,CO,San Jose,Villavieja,Huila,-75.11011111,3.373361111,400,28.7,28.9,28.6,28.2,28.3,28.8,29.2,30,29.9,28.6,27.6,27.8,28.7,73.9,75.3,123.3,134.8,100.7,28.6,29.2,20.1,71.9,159.5,187.6,136.3,95.1
21145040,AM,San Alfonso,Villavieja,Huila,-75.18405556,3.329222222,440,28.4,27.9,28.6,27.9,28.2,28.7,29.2,30.1,29.8,28.3,27.3,27.5,28.5,58.1,73.7,137.1,127.1,80.7,29,27.7,19.2,58.7,167.3,177.3,125.3,90.1
21115080,CO,Villavieja Ffcc,Villavieja,Huila,-75.21627778,3.222527778,430,27.8,28,27.7,27.5,27.5,27.8,28,28.7,28.8,27.6,26.9,27.2,27.8,67,88,128.8,131.2,95.2,29.4,29.8,20.2,66.7,158.9,183.6,129.8,94.05
32075030,CO,Vista Hermosa,Vistahermosa,Meta,-73.75402778,3.120388889,325,27.4,27.4,26.7,25.8,25.5,24.7,24.7,25.2,25.6,25.8,26.2,26.7,26,30,94.3,203.3,358.9,394.6,361,294.3,204.5,208,268,206.1,91.8,226.2333333
26145050,CO,Samaria La,Viterbo,Caldas,-75.88333333,5.05,1020,24.7,24.6,24.7,24.4,24.2,24.5,24.3,24.6,24.4,24.1,24.3,24.7,24.5,77.7,69.8,139.8,222.3,193.3,151.3,129.6,108.3,116.9,205.5,187.3,93.1,141.2416667
23065110,CO,Yacopi,Yacopi,Cundinamarca,-74.35458333,5.484166667,1347,20.8,21.1,21.1,21.1,21.4,21.6,21.6,21.8,21.4,20.9,20.8,20.8,21.2,103.5,155.3,223.5,342.9,326,216.9,162.8,165.6,257.5,342.2,266.7,156.7,226.6333333
35215010,CP,Apto Yopal,Yopal,Casanare,-72.3875,5.320444444,325,28.2,28.7,28.5,26.6,25.7,25.1,24.9,25.4,26,26.2,26.7,27.2,26.4,9.6,53.7,101.3,262.6,360.1,324.5,330.4,276.5,270.3,238.7,134.3,28.2,199.1833333
26085130,CO,Buitrera La,Yumbo,Valle del Cauca,-76.56666667,3.583333333,1500,20.6,20.9,20.9,20.7,20.6,20.7,21.1,21.2,20.9,20.5,20,20.2,20.7,64.8,59.5,106.7,143.2,119.5,69.9,44.8,40.8,71.7,124.8,122.3,79.3,87.275
25025020,CP,Monterrey Forestal,Zambrano,Bolivar,-74.835,9.735277778,25,28.5,28.8,29,28.9,28.4,28.4,28.3,28.1,27.9,27.7,27.9,28,28.3,13.7,24.2,40,68.9,108.5,108.7,85,110.1,106.7,122.5,73,28.4,74.14166667
24055030,CO,Zapatoca,Zapatoca,Santander,-73.28275,6.792777778,1810,18.6,18.8,18.9,19,19,18.9,18.8,18.9,18.8,18.4,18.4,18.4,18.7,30.9,38.6,74.5,129,162,109,100,119.4,157.1,175.3,111.4,48.9,104.675
26105110,CO,Ing Riopaila,Zarzal,Valle del Cauca,-76.08241667,4.318222222,941,24.5,24.9,24.7,24.2,24.1,24.1,24.3,24.5,24.4,24.1,24,24,24.3,57.1,74.9,142.1,156.6,173.3,107.4,83.8,77.6,98.3,147.9,135.7,102,113.0583333
29065020,CO,Padelma,Zona Bananera,Magdalena,-74.19972222,10.72111111,20,27.3,27.8,28.3,28.4,28.1,28.1,28.1,27.7,27.5,27.2,27.3,27.3,27.8,2.5,2.6,10.3,56,149.9,147.1,118.4,154.7,183.3,247.9,122.5,35,102.5166667
29065030,CO,Prado Sevilla,Zona Bananera,Magdalena,-74.1452778,10.7641667,18,27,27.7,28.3,28.4,27.9,27.5,27.4,27.4,27.1,26.8,26.8,26.9,27.4,2.4,3.1,9.9,73,177.9,160.2,143.9,181.9,241.1,276.3,143.8,38.5,121
